,AssignmentId,WorkerId,HITId,AssignmentStatus,SubmitTime,id,candidates,labels,user_predictions,jaccard,personal_details
0,3OUYGIZWR8KL14F8JQPCFKXHV7FP02,A14GKRTUEHBLBZ,3X55NP42EO2FWCGBCB2TSYZWG7KP3M,Submitted,2022-05-06 06:13:58+03:00,16,"['stewardess.jpg', 'van.jpg', 'snake.jpg', 'limp.jpg', 'cat.jpg']","{'snake.jpg', 'cat.jpg'}","{'snake.jpg', 'cat.jpg'}",1.0,"{'ages': 33, 'gender': 'female', 'education': 'Master', 'speaker': 'NoneNative'}"
1,3OUYGIZWR8KL14F8JQPCFKXHV7FP02,A14GKRTUEHBLBZ,3X55NP42EO2FWCGBCB2TSYZWG7KP3M,Submitted,2022-05-06 06:13:58+03:00,11,"['cobra.jpg', 'ruler.jpg', 'penguin.jpg', 'notebook.jpg', 'king.jpg']","{'penguin.jpg', 'king.jpg', 'ruler.jpg'}","{'penguin.jpg', 'cobra.jpg', 'ruler.jpg'}",0.5,"{'ages': 33, 'gender': 'female', 'education': 'Master', 'speaker': 'NoneNative'}"
2,3OUYGIZWR8KL14F8JQPCFKXHV7FP02,A14GKRTUEHBLBZ,3X55NP42EO2FWCGBCB2TSYZWG7KP3M,Submitted,2022-05-06 06:13:58+03:00,18,"['crane.jpg', 'microscope.jpg', 'van.jpg', 'woods.jpg', 'bush.jpg']","{'bush.jpg', 'woods.jpg'}","{'bush.jpg', 'woods.jpg'}",1.0,"{'ages': 33, 'gender': 'female', 'education': 'Master', 'speaker': 'NoneNative'}"
3,3OUYGIZWR8KL14F8JQPCFKXHV7FP02,A14GKRTUEHBLBZ,3X55NP42EO2FWCGBCB2TSYZWG7KP3M,Submitted,2022-05-06 06:13:58+03:00,8,"['food.jpg', 'groundhog.jpg', 'drool.jpg', 'pie.jpg', 'cheese.jpg']","{'pie.jpg', 'food.jpg', 'cheese.jpg'}","{'pie.jpg', 'food.jpg', 'drool.jpg'}",0.5,"{'ages': 33, 'gender': 'female', 'education': 'Master', 'speaker': 'NoneNative'}"
4,3OUYGIZWR8KL14F8JQPCFKXHV7FP02,A14GKRTUEHBLBZ,3X55NP42EO2FWCGBCB2TSYZWG7KP3M,Submitted,2022-05-06 06:13:58+03:00,1,"['salt.jpg', 'bread.jpg', 'landlord.jpg', 'witch.jpg', 'snack.jpg']","{'bread.jpg', 'salt.jpg', 'snack.jpg'}","{'bread.jpg', 'salt.jpg', 'snack.jpg'}",1.0,"{'ages': 33, 'gender': 'female', 'education': 'Master', 'speaker': 'NoneNative'}"
5,3OUYGIZWR8KL14F8JQPCFKXHV7FP02,A14GKRTUEHBLBZ,3X55NP42EO2FWCGBCB2TSYZWG7KP3M,Submitted,2022-05-06 06:13:58+03:00,24,"['mirror.jpg', 'snot.jpg', 'pond.jpg', 'vitamin.jpg', 'eating.jpg', 'water.jpg']","{'pond.jpg', 'water.jpg', 'mirror.jpg'}","{'snot.jpg', 'water.jpg', 'mirror.jpg'}",0.5,"{'ages': 33, 'gender': 'female', 'education': 'Master', 'speaker': 'NoneNative'}"
6,3OUYGIZWR8KL14F8JQPCFKXHV7FP02,A14GKRTUEHBLBZ,3X55NP42EO2FWCGBCB2TSYZWG7KP3M,Submitted,2022-05-06 06:13:58+03:00,25,"['pat.jpg', 'arc.jpg', 'horn.jpg', 'newt.jpg', 'fire.jpg', 'lizard.jpg']","{'newt.jpg', 'fire.jpg', 'lizard.jpg'}","{'newt.jpg', 'fire.jpg', 'lizard.jpg'}",1.0,"{'ages': 33, 'gender': 'female', 'education': 'Master', 'speaker': 'NoneNative'}"
7,3OUYGIZWR8KL14F8JQPCFKXHV7FP02,A14GKRTUEHBLBZ,3X55NP42EO2FWCGBCB2TSYZWG7KP3M,Submitted,2022-05-06 06:13:58+03:00,30,"['insect.jpg', 'clock.jpg', 'woodwind.jpg', 'bug.jpg', 'jacket.jpg', 'wrench.jpg']","{'bug.jpg', 'clock.jpg', 'insect.jpg'}","{'bug.jpg', 'clock.jpg', 'jacket.jpg'}",0.5,"{'ages': 33, 'gender': 'female', 'education': 'Master', 'speaker': 'NoneNative'}"
8,3OUYGIZWR8KL14F8JQPCFKXHV7FP02,A14GKRTUEHBLBZ,3X55NP42EO2FWCGBCB2TSYZWG7KP3M,Submitted,2022-05-06 06:13:58+03:00,37,"['crowd.jpg', 'teddy.jpg', 'skin.jpg', 'diamond.jpg', 'tin.jpg', 'crust.jpg']","{'skin.jpg', 'diamond.jpg'}","{'skin.jpg', 'diamond.jpg'}",1.0,"{'ages': 33, 'gender': 'female', 'education': 'Master', 'speaker': 'NoneNative'}"
9,3OUYGIZWR8KL14F8JQPCFKXHV7FP02,A14GKRTUEHBLBZ,3X55NP42EO2FWCGBCB2TSYZWG7KP3M,Submitted,2022-05-06 06:13:58+03:00,39,"['road.jpg', 'homework.jpg', 'air force.jpg', 'weed.jpg', 'goose.jpg', 'morse code.jpg']","{'road.jpg', 'goose.jpg'}","{'road.jpg', 'weed.jpg'}",0.3333333333333333,"{'ages': 33, 'gender': 'female', 'education': 'Master', 'speaker': 'NoneNative'}"
10,3OHYZ19UGDRZHH1PWS9QFQ44UOCOAS,A3BUWQ5C39GRQC,3BC9H1KCYUY6WOA0DI9EAM35I5IYWW,Submitted,2022-05-06 02:20:46+03:00,16,"['stewardess.jpg', 'van.jpg', 'snake.jpg', 'limp.jpg', 'cat.jpg']","{'snake.jpg', 'cat.jpg'}","{'snake.jpg', 'cat.jpg'}",1.0,"{'ages': 41, 'gender': 'female', 'education': 'Bachelor', 'speaker': 'Native'}"
11,3OHYZ19UGDRZHH1PWS9QFQ44UOCOAS,A3BUWQ5C39GRQC,3BC9H1KCYUY6WOA0DI9EAM35I5IYWW,Submitted,2022-05-06 02:20:46+03:00,11,"['cobra.jpg', 'ruler.jpg', 'penguin.jpg', 'notebook.jpg', 'king.jpg']","{'penguin.jpg', 'king.jpg', 'ruler.jpg'}","{'penguin.jpg', 'cobra.jpg', 'king.jpg'}",0.5,"{'ages': 41, 'gender': 'female', 'education': 'Bachelor', 'speaker': 'Native'}"
12,3OHYZ19UGDRZHH1PWS9QFQ44UOCOAS,A3BUWQ5C39GRQC,3BC9H1KCYUY6WOA0DI9EAM35I5IYWW,Submitted,2022-05-06 02:20:46+03:00,18,"['crane.jpg', 'microscope.jpg', 'van.jpg', 'woods.jpg', 'bush.jpg']","{'bush.jpg', 'woods.jpg'}","{'bush.jpg', 'woods.jpg'}",1.0,"{'ages': 41, 'gender': 'female', 'education': 'Bachelor', 'speaker': 'Native'}"
13,3OHYZ19UGDRZHH1PWS9QFQ44UOCOAS,A3BUWQ5C39GRQC,3BC9H1KCYUY6WOA0DI9EAM35I5IYWW,Submitted,2022-05-06 02:20:46+03:00,8,"['food.jpg', 'groundhog.jpg', 'drool.jpg', 'pie.jpg', 'cheese.jpg']","{'pie.jpg', 'food.jpg', 'cheese.jpg'}","{'pie.jpg', 'food.jpg', 'cheese.jpg'}",1.0,"{'ages': 41, 'gender': 'female', 'education': 'Bachelor', 'speaker': 'Native'}"
14,3OHYZ19UGDRZHH1PWS9QFQ44UOCOAS,A3BUWQ5C39GRQC,3BC9H1KCYUY6WOA0DI9EAM35I5IYWW,Submitted,2022-05-06 02:20:46+03:00,1,"['salt.jpg', 'bread.jpg', 'landlord.jpg', 'witch.jpg', 'snack.jpg']","{'bread.jpg', 'salt.jpg', 'snack.jpg'}","{'bread.jpg', 'salt.jpg', 'snack.jpg'}",1.0,"{'ages': 41, 'gender': 'female', 'education': 'Bachelor', 'speaker': 'Native'}"
15,3OHYZ19UGDRZHH1PWS9QFQ44UOCOAS,A3BUWQ5C39GRQC,3BC9H1KCYUY6WOA0DI9EAM35I5IYWW,Submitted,2022-05-06 02:20:46+03:00,24,"['mirror.jpg', 'snot.jpg', 'pond.jpg', 'vitamin.jpg', 'eating.jpg', 'water.jpg']","{'pond.jpg', 'water.jpg', 'mirror.jpg'}","{'pond.jpg', 'water.jpg', 'mirror.jpg'}",1.0,"{'ages': 41, 'gender': 'female', 'education': 'Bachelor', 'speaker': 'Native'}"
16,3OHYZ19UGDRZHH1PWS9QFQ44UOCOAS,A3BUWQ5C39GRQC,3BC9H1KCYUY6WOA0DI9EAM35I5IYWW,Submitted,2022-05-06 02:20:46+03:00,25,"['pat.jpg', 'arc.jpg', 'horn.jpg', 'newt.jpg', 'fire.jpg', 'lizard.jpg']","{'newt.jpg', 'fire.jpg', 'lizard.jpg'}","{'newt.jpg', 'fire.jpg', 'lizard.jpg'}",1.0,"{'ages': 41, 'gender': 'female', 'education': 'Bachelor', 'speaker': 'Native'}"
17,3OHYZ19UGDRZHH1PWS9QFQ44UOCOAS,A3BUWQ5C39GRQC,3BC9H1KCYUY6WOA0DI9EAM35I5IYWW,Submitted,2022-05-06 02:20:46+03:00,30,"['insect.jpg', 'clock.jpg', 'woodwind.jpg', 'bug.jpg', 'jacket.jpg', 'wrench.jpg']","{'bug.jpg', 'clock.jpg', 'insect.jpg'}","{'bug.jpg', 'clock.jpg', 'insect.jpg'}",1.0,"{'ages': 41, 'gender': 'female', 'education': 'Bachelor', 'speaker': 'Native'}"
18,3OHYZ19UGDRZHH1PWS9QFQ44UOCOAS,A3BUWQ5C39GRQC,3BC9H1KCYUY6WOA0DI9EAM35I5IYWW,Submitted,2022-05-06 02:20:46+03:00,37,"['crowd.jpg', 'teddy.jpg', 'skin.jpg', 'diamond.jpg', 'tin.jpg', 'crust.jpg']","{'skin.jpg', 'diamond.jpg'}","{'crust.jpg', 'diamond.jpg'}",0.3333333333333333,"{'ages': 41, 'gender': 'female', 'education': 'Bachelor', 'speaker': 'Native'}"
19,3OHYZ19UGDRZHH1PWS9QFQ44UOCOAS,A3BUWQ5C39GRQC,3BC9H1KCYUY6WOA0DI9EAM35I5IYWW,Submitted,2022-05-06 02:20:46+03:00,39,"['road.jpg', 'homework.jpg', 'air force.jpg', 'weed.jpg', 'goose.jpg', 'morse code.jpg']","{'road.jpg', 'goose.jpg'}","{'road.jpg', 'air force.jpg'}",0.3333333333333333,"{'ages': 41, 'gender': 'female', 'education': 'Bachelor', 'speaker': 'Native'}"
20,3R8YZBNQ9I4KJRG742PAU4XE8HWQ7J,A3135Y3RMFC3PK,3CVDZS288HM4RLZR4QB3C3UYESEMFW,Submitted,2022-05-06 02:59:40+03:00,16,"['stewardess.jpg', 'van.jpg', 'snake.jpg', 'limp.jpg', 'cat.jpg']","{'snake.jpg', 'cat.jpg'}","{'snake.jpg', 'cat.jpg'}",1.0,"{'ages': 54, 'gender': 'female', 'education': 'Bachelor', 'speaker': 'Native'}"
21,3R8YZBNQ9I4KJRG742PAU4XE8HWQ7J,A3135Y3RMFC3PK,3CVDZS288HM4RLZR4QB3C3UYESEMFW,Submitted,2022-05-06 02:59:40+03:00,11,"['cobra.jpg', 'ruler.jpg', 'penguin.jpg', 'notebook.jpg', 'king.jpg']","{'penguin.jpg', 'king.jpg', 'ruler.jpg'}","{'penguin.jpg', 'cobra.jpg', 'ruler.jpg'}",0.5,"{'ages': 54, 'gender': 'female', 'education': 'Bachelor', 'speaker': 'Native'}"
22,3R8YZBNQ9I4KJRG742PAU4XE8HWQ7J,A3135Y3RMFC3PK,3CVDZS288HM4RLZR4QB3C3UYESEMFW,Submitted,2022-05-06 02:59:40+03:00,18,"['crane.jpg', 'microscope.jpg', 'van.jpg', 'woods.jpg', 'bush.jpg']","{'bush.jpg', 'woods.jpg'}","{'crane.jpg', 'woods.jpg'}",0.3333333333333333,"{'ages': 54, 'gender': 'female', 'education': 'Bachelor', 'speaker': 'Native'}"
23,3R8YZBNQ9I4KJRG742PAU4XE8HWQ7J,A3135Y3RMFC3PK,3CVDZS288HM4RLZR4QB3C3UYESEMFW,Submitted,2022-05-06 02:59:40+03:00,8,"['food.jpg', 'groundhog.jpg', 'drool.jpg', 'pie.jpg', 'cheese.jpg']","{'pie.jpg', 'food.jpg', 'cheese.jpg'}","{'pie.jpg', 'food.jpg', 'cheese.jpg'}",1.0,"{'ages': 54, 'gender': 'female', 'education': 'Bachelor', 'speaker': 'Native'}"
24,3R8YZBNQ9I4KJRG742PAU4XE8HWQ7J,A3135Y3RMFC3PK,3CVDZS288HM4RLZR4QB3C3UYESEMFW,Submitted,2022-05-06 02:59:40+03:00,1,"['salt.jpg', 'bread.jpg', 'landlord.jpg', 'witch.jpg', 'snack.jpg']","{'bread.jpg', 'salt.jpg', 'snack.jpg'}","{'bread.jpg', 'salt.jpg', 'snack.jpg'}",1.0,"{'ages': 54, 'gender': 'female', 'education': 'Bachelor', 'speaker': 'Native'}"
25,3R8YZBNQ9I4KJRG742PAU4XE8HWQ7J,A3135Y3RMFC3PK,3CVDZS288HM4RLZR4QB3C3UYESEMFW,Submitted,2022-05-06 02:59:40+03:00,24,"['mirror.jpg', 'snot.jpg', 'pond.jpg', 'vitamin.jpg', 'eating.jpg', 'water.jpg']","{'pond.jpg', 'water.jpg', 'mirror.jpg'}","{'pond.jpg', 'water.jpg', 'mirror.jpg'}",1.0,"{'ages': 54, 'gender': 'female', 'education': 'Bachelor', 'speaker': 'Native'}"
26,3R8YZBNQ9I4KJRG742PAU4XE8HWQ7J,A3135Y3RMFC3PK,3CVDZS288HM4RLZR4QB3C3UYESEMFW,Submitted,2022-05-06 02:59:40+03:00,25,"['pat.jpg', 'arc.jpg', 'horn.jpg', 'newt.jpg', 'fire.jpg', 'lizard.jpg']","{'newt.jpg', 'fire.jpg', 'lizard.jpg'}","{'newt.jpg', 'fire.jpg', 'lizard.jpg'}",1.0,"{'ages': 54, 'gender': 'female', 'education': 'Bachelor', 'speaker': 'Native'}"
27,3R8YZBNQ9I4KJRG742PAU4XE8HWQ7J,A3135Y3RMFC3PK,3CVDZS288HM4RLZR4QB3C3UYESEMFW,Submitted,2022-05-06 02:59:40+03:00,30,"['insect.jpg', 'clock.jpg', 'woodwind.jpg', 'bug.jpg', 'jacket.jpg', 'wrench.jpg']","{'bug.jpg', 'clock.jpg', 'insect.jpg'}","{'bug.jpg', 'clock.jpg', 'insect.jpg'}",1.0,"{'ages': 54, 'gender': 'female', 'education': 'Bachelor', 'speaker': 'Native'}"
28,3R8YZBNQ9I4KJRG742PAU4XE8HWQ7J,A3135Y3RMFC3PK,3CVDZS288HM4RLZR4QB3C3UYESEMFW,Submitted,2022-05-06 02:59:40+03:00,37,"['crowd.jpg', 'teddy.jpg', 'skin.jpg', 'diamond.jpg', 'tin.jpg', 'crust.jpg']","{'skin.jpg', 'diamond.jpg'}","{'crust.jpg', 'diamond.jpg'}",0.3333333333333333,"{'ages': 54, 'gender': 'female', 'education': 'Bachelor', 'speaker': 'Native'}"
29,3R8YZBNQ9I4KJRG742PAU4XE8HWQ7J,A3135Y3RMFC3PK,3CVDZS288HM4RLZR4QB3C3UYESEMFW,Submitted,2022-05-06 02:59:40+03:00,39,"['road.jpg', 'homework.jpg', 'air force.jpg', 'weed.jpg', 'goose.jpg', 'morse code.jpg']","{'road.jpg', 'goose.jpg'}","{'road.jpg', 'morse code.jpg'}",0.3333333333333333,"{'ages': 54, 'gender': 'female', 'education': 'Bachelor', 'speaker': 'Native'}"
30,38JBBYETQPWY318JTDW3XBOQYCH4E0,ABO9F0JD9NN54,3U74KRR67M7KS82SBBVS6MYZARWTNB,Submitted,2022-05-06 02:49:34+03:00,16,"['stewardess.jpg', 'van.jpg', 'snake.jpg', 'limp.jpg', 'cat.jpg']","{'snake.jpg', 'cat.jpg'}","{'snake.jpg', 'cat.jpg'}",1.0,"{'ages': 35, 'gender': 'female', 'education': 'Bachelor', 'speaker': 'Native'}"
31,38JBBYETQPWY318JTDW3XBOQYCH4E0,ABO9F0JD9NN54,3U74KRR67M7KS82SBBVS6MYZARWTNB,Submitted,2022-05-06 02:49:34+03:00,11,"['cobra.jpg', 'ruler.jpg', 'penguin.jpg', 'notebook.jpg', 'king.jpg']","{'penguin.jpg', 'king.jpg', 'ruler.jpg'}","{'penguin.jpg', 'cobra.jpg', 'king.jpg'}",0.5,"{'ages': 35, 'gender': 'female', 'education': 'Bachelor', 'speaker': 'Native'}"
32,38JBBYETQPWY318JTDW3XBOQYCH4E0,ABO9F0JD9NN54,3U74KRR67M7KS82SBBVS6MYZARWTNB,Submitted,2022-05-06 02:49:34+03:00,18,"['crane.jpg', 'microscope.jpg', 'van.jpg', 'woods.jpg', 'bush.jpg']","{'bush.jpg', 'woods.jpg'}","{'crane.jpg', 'woods.jpg'}",0.3333333333333333,"{'ages': 35, 'gender': 'female', 'education': 'Bachelor', 'speaker': 'Native'}"
33,38JBBYETQPWY318JTDW3XBOQYCH4E0,ABO9F0JD9NN54,3U74KRR67M7KS82SBBVS6MYZARWTNB,Submitted,2022-05-06 02:49:34+03:00,8,"['food.jpg', 'groundhog.jpg', 'drool.jpg', 'pie.jpg', 'cheese.jpg']","{'pie.jpg', 'food.jpg', 'cheese.jpg'}","{'pie.jpg', 'food.jpg', 'cheese.jpg'}",1.0,"{'ages': 35, 'gender': 'female', 'education': 'Bachelor', 'speaker': 'Native'}"
34,38JBBYETQPWY318JTDW3XBOQYCH4E0,ABO9F0JD9NN54,3U74KRR67M7KS82SBBVS6MYZARWTNB,Submitted,2022-05-06 02:49:34+03:00,1,"['salt.jpg', 'bread.jpg', 'landlord.jpg', 'witch.jpg', 'snack.jpg']","{'bread.jpg', 'salt.jpg', 'snack.jpg'}","{'bread.jpg', 'salt.jpg', 'snack.jpg'}",1.0,"{'ages': 35, 'gender': 'female', 'education': 'Bachelor', 'speaker': 'Native'}"
35,38JBBYETQPWY318JTDW3XBOQYCH4E0,ABO9F0JD9NN54,3U74KRR67M7KS82SBBVS6MYZARWTNB,Submitted,2022-05-06 02:49:34+03:00,24,"['mirror.jpg', 'snot.jpg', 'pond.jpg', 'vitamin.jpg', 'eating.jpg', 'water.jpg']","{'pond.jpg', 'water.jpg', 'mirror.jpg'}","{'snot.jpg', 'pond.jpg', 'mirror.jpg'}",0.5,"{'ages': 35, 'gender': 'female', 'education': 'Bachelor', 'speaker': 'Native'}"
36,38JBBYETQPWY318JTDW3XBOQYCH4E0,ABO9F0JD9NN54,3U74KRR67M7KS82SBBVS6MYZARWTNB,Submitted,2022-05-06 02:49:34+03:00,25,"['pat.jpg', 'arc.jpg', 'horn.jpg', 'newt.jpg', 'fire.jpg', 'lizard.jpg']","{'newt.jpg', 'fire.jpg', 'lizard.jpg'}","{'newt.jpg', 'fire.jpg', 'lizard.jpg'}",1.0,"{'ages': 35, 'gender': 'female', 'education': 'Bachelor', 'speaker': 'Native'}"
37,38JBBYETQPWY318JTDW3XBOQYCH4E0,ABO9F0JD9NN54,3U74KRR67M7KS82SBBVS6MYZARWTNB,Submitted,2022-05-06 02:49:34+03:00,30,"['insect.jpg', 'clock.jpg', 'woodwind.jpg', 'bug.jpg', 'jacket.jpg', 'wrench.jpg']","{'bug.jpg', 'clock.jpg', 'insect.jpg'}","{'woodwind.jpg', 'wrench.jpg', 'clock.jpg'}",0.2,"{'ages': 35, 'gender': 'female', 'education': 'Bachelor', 'speaker': 'Native'}"
38,38JBBYETQPWY318JTDW3XBOQYCH4E0,ABO9F0JD9NN54,3U74KRR67M7KS82SBBVS6MYZARWTNB,Submitted,2022-05-06 02:49:34+03:00,37,"['crowd.jpg', 'teddy.jpg', 'skin.jpg', 'diamond.jpg', 'tin.jpg', 'crust.jpg']","{'skin.jpg', 'diamond.jpg'}","{'crust.jpg', 'diamond.jpg'}",0.3333333333333333,"{'ages': 35, 'gender': 'female', 'education': 'Bachelor', 'speaker': 'Native'}"
39,38JBBYETQPWY318JTDW3XBOQYCH4E0,ABO9F0JD9NN54,3U74KRR67M7KS82SBBVS6MYZARWTNB,Submitted,2022-05-06 02:49:34+03:00,39,"['road.jpg', 'homework.jpg', 'air force.jpg', 'weed.jpg', 'goose.jpg', 'morse code.jpg']","{'road.jpg', 'goose.jpg'}","{'road.jpg', 'morse code.jpg'}",0.3333333333333333,"{'ages': 35, 'gender': 'female', 'education': 'Bachelor', 'speaker': 'Native'}"
40,3VA45EW49O93NTOP09GX4PB1QUH1OS,A2ONILC0LZKG6Y,3DGDV62G7OVQBUKS8BOO9OU4ATKP2B,Submitted,2022-05-06 03:29:17+03:00,16,"['stewardess.jpg', 'van.jpg', 'snake.jpg', 'limp.jpg', 'cat.jpg']","{'snake.jpg', 'cat.jpg'}","{'snake.jpg', 'cat.jpg'}",1.0,"{'ages': 45, 'gender': 'female', 'education': 'Bachelor', 'speaker': 'Native'}"
41,3VA45EW49O93NTOP09GX4PB1QUH1OS,A2ONILC0LZKG6Y,3DGDV62G7OVQBUKS8BOO9OU4ATKP2B,Submitted,2022-05-06 03:29:17+03:00,11,"['cobra.jpg', 'ruler.jpg', 'penguin.jpg', 'notebook.jpg', 'king.jpg']","{'penguin.jpg', 'king.jpg', 'ruler.jpg'}","{'penguin.jpg', 'cobra.jpg', 'king.jpg'}",0.5,"{'ages': 45, 'gender': 'female', 'education': 'Bachelor', 'speaker': 'Native'}"
42,3VA45EW49O93NTOP09GX4PB1QUH1OS,A2ONILC0LZKG6Y,3DGDV62G7OVQBUKS8BOO9OU4ATKP2B,Submitted,2022-05-06 03:29:17+03:00,18,"['crane.jpg', 'microscope.jpg', 'van.jpg', 'woods.jpg', 'bush.jpg']","{'bush.jpg', 'woods.jpg'}","{'crane.jpg', 'woods.jpg'}",0.3333333333333333,"{'ages': 45, 'gender': 'female', 'education': 'Bachelor', 'speaker': 'Native'}"
43,3VA45EW49O93NTOP09GX4PB1QUH1OS,A2ONILC0LZKG6Y,3DGDV62G7OVQBUKS8BOO9OU4ATKP2B,Submitted,2022-05-06 03:29:17+03:00,8,"['food.jpg', 'groundhog.jpg', 'drool.jpg', 'pie.jpg', 'cheese.jpg']","{'pie.jpg', 'food.jpg', 'cheese.jpg'}","{'pie.jpg', 'food.jpg', 'cheese.jpg'}",1.0,"{'ages': 45, 'gender': 'female', 'education': 'Bachelor', 'speaker': 'Native'}"
44,3VA45EW49O93NTOP09GX4PB1QUH1OS,A2ONILC0LZKG6Y,3DGDV62G7OVQBUKS8BOO9OU4ATKP2B,Submitted,2022-05-06 03:29:17+03:00,1,"['salt.jpg', 'bread.jpg', 'landlord.jpg', 'witch.jpg', 'snack.jpg']","{'bread.jpg', 'salt.jpg', 'snack.jpg'}","{'bread.jpg', 'salt.jpg', 'snack.jpg'}",1.0,"{'ages': 45, 'gender': 'female', 'education': 'Bachelor', 'speaker': 'Native'}"
45,3VA45EW49O93NTOP09GX4PB1QUH1OS,A2ONILC0LZKG6Y,3DGDV62G7OVQBUKS8BOO9OU4ATKP2B,Submitted,2022-05-06 03:29:17+03:00,24,"['mirror.jpg', 'snot.jpg', 'pond.jpg', 'vitamin.jpg', 'eating.jpg', 'water.jpg']","{'pond.jpg', 'water.jpg', 'mirror.jpg'}","{'pond.jpg', 'water.jpg', 'mirror.jpg'}",1.0,"{'ages': 45, 'gender': 'female', 'education': 'Bachelor', 'speaker': 'Native'}"
46,3VA45EW49O93NTOP09GX4PB1QUH1OS,A2ONILC0LZKG6Y,3DGDV62G7OVQBUKS8BOO9OU4ATKP2B,Submitted,2022-05-06 03:29:17+03:00,25,"['pat.jpg', 'arc.jpg', 'horn.jpg', 'newt.jpg', 'fire.jpg', 'lizard.jpg']","{'newt.jpg', 'fire.jpg', 'lizard.jpg'}","{'newt.jpg', 'fire.jpg', 'lizard.jpg'}",1.0,"{'ages': 45, 'gender': 'female', 'education': 'Bachelor', 'speaker': 'Native'}"
47,3VA45EW49O93NTOP09GX4PB1QUH1OS,A2ONILC0LZKG6Y,3DGDV62G7OVQBUKS8BOO9OU4ATKP2B,Submitted,2022-05-06 03:29:17+03:00,30,"['insect.jpg', 'clock.jpg', 'woodwind.jpg', 'bug.jpg', 'jacket.jpg', 'wrench.jpg']","{'bug.jpg', 'clock.jpg', 'insect.jpg'}","{'bug.jpg', 'clock.jpg', 'insect.jpg'}",1.0,"{'ages': 45, 'gender': 'female', 'education': 'Bachelor', 'speaker': 'Native'}"
48,3VA45EW49O93NTOP09GX4PB1QUH1OS,A2ONILC0LZKG6Y,3DGDV62G7OVQBUKS8BOO9OU4ATKP2B,Submitted,2022-05-06 03:29:17+03:00,37,"['crowd.jpg', 'teddy.jpg', 'skin.jpg', 'diamond.jpg', 'tin.jpg', 'crust.jpg']","{'skin.jpg', 'diamond.jpg'}","{'skin.jpg', 'diamond.jpg'}",1.0,"{'ages': 45, 'gender': 'female', 'education': 'Bachelor', 'speaker': 'Native'}"
49,3VA45EW49O93NTOP09GX4PB1QUH1OS,A2ONILC0LZKG6Y,3DGDV62G7OVQBUKS8BOO9OU4ATKP2B,Submitted,2022-05-06 03:29:17+03:00,39,"['road.jpg', 'homework.jpg', 'air force.jpg', 'weed.jpg', 'goose.jpg', 'morse code.jpg']","{'road.jpg', 'goose.jpg'}","{'road.jpg', 'morse code.jpg'}",0.3333333333333333,"{'ages': 45, 'gender': 'female', 'education': 'Bachelor', 'speaker': 'Native'}"
50,3LOZAJ85YEZX6NKDK437SLCZU9Y2XN,AXB86SVXU5SEG,3RWO3EJELHVJM92WP7OA45KZIN6P1U,Submitted,2022-05-06 22:16:22+03:00,16,"['stewardess.jpg', 'van.jpg', 'snake.jpg', 'limp.jpg', 'cat.jpg']","{'snake.jpg', 'cat.jpg'}","{'snake.jpg', 'cat.jpg'}",1.0,"{'ages': 42, 'gender': 'female', 'education': 'Master', 'speaker': 'Native'}"
51,3LOZAJ85YEZX6NKDK437SLCZU9Y2XN,AXB86SVXU5SEG,3RWO3EJELHVJM92WP7OA45KZIN6P1U,Submitted,2022-05-06 22:16:22+03:00,11,"['cobra.jpg', 'ruler.jpg', 'penguin.jpg', 'notebook.jpg', 'king.jpg']","{'penguin.jpg', 'king.jpg', 'ruler.jpg'}","{'penguin.jpg', 'cobra.jpg', 'king.jpg'}",0.5,"{'ages': 42, 'gender': 'female', 'education': 'Master', 'speaker': 'Native'}"
52,3LOZAJ85YEZX6NKDK437SLCZU9Y2XN,AXB86SVXU5SEG,3RWO3EJELHVJM92WP7OA45KZIN6P1U,Submitted,2022-05-06 22:16:22+03:00,18,"['crane.jpg', 'microscope.jpg', 'van.jpg', 'woods.jpg', 'bush.jpg']","{'bush.jpg', 'woods.jpg'}","{'crane.jpg', 'woods.jpg'}",0.3333333333333333,"{'ages': 42, 'gender': 'female', 'education': 'Master', 'speaker': 'Native'}"
53,3LOZAJ85YEZX6NKDK437SLCZU9Y2XN,AXB86SVXU5SEG,3RWO3EJELHVJM92WP7OA45KZIN6P1U,Submitted,2022-05-06 22:16:22+03:00,8,"['food.jpg', 'groundhog.jpg', 'drool.jpg', 'pie.jpg', 'cheese.jpg']","{'pie.jpg', 'food.jpg', 'cheese.jpg'}","{'pie.jpg', 'food.jpg', 'cheese.jpg'}",1.0,"{'ages': 42, 'gender': 'female', 'education': 'Master', 'speaker': 'Native'}"
54,3LOZAJ85YEZX6NKDK437SLCZU9Y2XN,AXB86SVXU5SEG,3RWO3EJELHVJM92WP7OA45KZIN6P1U,Submitted,2022-05-06 22:16:22+03:00,1,"['salt.jpg', 'bread.jpg', 'landlord.jpg', 'witch.jpg', 'snack.jpg']","{'bread.jpg', 'salt.jpg', 'snack.jpg'}","{'bread.jpg', 'salt.jpg', 'snack.jpg'}",1.0,"{'ages': 42, 'gender': 'female', 'education': 'Master', 'speaker': 'Native'}"
55,3LOZAJ85YEZX6NKDK437SLCZU9Y2XN,AXB86SVXU5SEG,3RWO3EJELHVJM92WP7OA45KZIN6P1U,Submitted,2022-05-06 22:16:22+03:00,24,"['mirror.jpg', 'snot.jpg', 'pond.jpg', 'vitamin.jpg', 'eating.jpg', 'water.jpg']","{'pond.jpg', 'water.jpg', 'mirror.jpg'}","{'pond.jpg', 'water.jpg', 'mirror.jpg'}",1.0,"{'ages': 42, 'gender': 'female', 'education': 'Master', 'speaker': 'Native'}"
56,3LOZAJ85YEZX6NKDK437SLCZU9Y2XN,AXB86SVXU5SEG,3RWO3EJELHVJM92WP7OA45KZIN6P1U,Submitted,2022-05-06 22:16:22+03:00,25,"['pat.jpg', 'arc.jpg', 'horn.jpg', 'newt.jpg', 'fire.jpg', 'lizard.jpg']","{'newt.jpg', 'fire.jpg', 'lizard.jpg'}","{'newt.jpg', 'lizard.jpg', 'arc.jpg'}",0.5,"{'ages': 42, 'gender': 'female', 'education': 'Master', 'speaker': 'Native'}"
57,3LOZAJ85YEZX6NKDK437SLCZU9Y2XN,AXB86SVXU5SEG,3RWO3EJELHVJM92WP7OA45KZIN6P1U,Submitted,2022-05-06 22:16:22+03:00,30,"['insect.jpg', 'clock.jpg', 'woodwind.jpg', 'bug.jpg', 'jacket.jpg', 'wrench.jpg']","{'bug.jpg', 'clock.jpg', 'insect.jpg'}","{'bug.jpg', 'clock.jpg', 'insect.jpg'}",1.0,"{'ages': 42, 'gender': 'female', 'education': 'Master', 'speaker': 'Native'}"
58,3LOZAJ85YEZX6NKDK437SLCZU9Y2XN,AXB86SVXU5SEG,3RWO3EJELHVJM92WP7OA45KZIN6P1U,Submitted,2022-05-06 22:16:22+03:00,37,"['crowd.jpg', 'teddy.jpg', 'skin.jpg', 'diamond.jpg', 'tin.jpg', 'crust.jpg']","{'skin.jpg', 'diamond.jpg'}","{'skin.jpg', 'diamond.jpg'}",1.0,"{'ages': 42, 'gender': 'female', 'education': 'Master', 'speaker': 'Native'}"
59,3LOZAJ85YEZX6NKDK437SLCZU9Y2XN,AXB86SVXU5SEG,3RWO3EJELHVJM92WP7OA45KZIN6P1U,Submitted,2022-05-06 22:16:22+03:00,39,"['road.jpg', 'homework.jpg', 'air force.jpg', 'weed.jpg', 'goose.jpg', 'morse code.jpg']","{'road.jpg', 'goose.jpg'}","{'road.jpg', 'weed.jpg'}",0.3333333333333333,"{'ages': 42, 'gender': 'female', 'education': 'Master', 'speaker': 'Native'}"
60,36AHBNMV1SY99283MP9Q7IACT1LYDS,A2UAHW3Q7S45JP,3IH9TRB0FBLR5NFSCCYQV8JNW9C1IV,Submitted,2022-05-06 04:28:13+03:00,16,"['stewardess.jpg', 'van.jpg', 'snake.jpg', 'limp.jpg', 'cat.jpg']","{'snake.jpg', 'cat.jpg'}","{'snake.jpg', 'cat.jpg'}",1.0,"{'ages': 35, 'gender': 'female', 'education': 'Bachelor', 'speaker': 'Native'}"
61,36AHBNMV1SY99283MP9Q7IACT1LYDS,A2UAHW3Q7S45JP,3IH9TRB0FBLR5NFSCCYQV8JNW9C1IV,Submitted,2022-05-06 04:28:13+03:00,11,"['cobra.jpg', 'ruler.jpg', 'penguin.jpg', 'notebook.jpg', 'king.jpg']","{'penguin.jpg', 'king.jpg', 'ruler.jpg'}","{'penguin.jpg', 'king.jpg', 'ruler.jpg'}",1.0,"{'ages': 35, 'gender': 'female', 'education': 'Bachelor', 'speaker': 'Native'}"
62,36AHBNMV1SY99283MP9Q7IACT1LYDS,A2UAHW3Q7S45JP,3IH9TRB0FBLR5NFSCCYQV8JNW9C1IV,Submitted,2022-05-06 04:28:13+03:00,18,"['crane.jpg', 'microscope.jpg', 'van.jpg', 'woods.jpg', 'bush.jpg']","{'bush.jpg', 'woods.jpg'}","{'crane.jpg', 'woods.jpg'}",0.3333333333333333,"{'ages': 35, 'gender': 'female', 'education': 'Bachelor', 'speaker': 'Native'}"
63,36AHBNMV1SY99283MP9Q7IACT1LYDS,A2UAHW3Q7S45JP,3IH9TRB0FBLR5NFSCCYQV8JNW9C1IV,Submitted,2022-05-06 04:28:13+03:00,8,"['food.jpg', 'groundhog.jpg', 'drool.jpg', 'pie.jpg', 'cheese.jpg']","{'pie.jpg', 'food.jpg', 'cheese.jpg'}","{'pie.jpg', 'cheese.jpg', 'drool.jpg'}",0.5,"{'ages': 35, 'gender': 'female', 'education': 'Bachelor', 'speaker': 'Native'}"
64,36AHBNMV1SY99283MP9Q7IACT1LYDS,A2UAHW3Q7S45JP,3IH9TRB0FBLR5NFSCCYQV8JNW9C1IV,Submitted,2022-05-06 04:28:13+03:00,1,"['salt.jpg', 'bread.jpg', 'landlord.jpg', 'witch.jpg', 'snack.jpg']","{'bread.jpg', 'salt.jpg', 'snack.jpg'}","{'bread.jpg', 'salt.jpg', 'snack.jpg'}",1.0,"{'ages': 35, 'gender': 'female', 'education': 'Bachelor', 'speaker': 'Native'}"
65,36AHBNMV1SY99283MP9Q7IACT1LYDS,A2UAHW3Q7S45JP,3IH9TRB0FBLR5NFSCCYQV8JNW9C1IV,Submitted,2022-05-06 04:28:13+03:00,24,"['mirror.jpg', 'snot.jpg', 'pond.jpg', 'vitamin.jpg', 'eating.jpg', 'water.jpg']","{'pond.jpg', 'water.jpg', 'mirror.jpg'}","{'pond.jpg', 'water.jpg', 'mirror.jpg'}",1.0,"{'ages': 35, 'gender': 'female', 'education': 'Bachelor', 'speaker': 'Native'}"
66,36AHBNMV1SY99283MP9Q7IACT1LYDS,A2UAHW3Q7S45JP,3IH9TRB0FBLR5NFSCCYQV8JNW9C1IV,Submitted,2022-05-06 04:28:13+03:00,25,"['pat.jpg', 'arc.jpg', 'horn.jpg', 'newt.jpg', 'fire.jpg', 'lizard.jpg']","{'newt.jpg', 'fire.jpg', 'lizard.jpg'}","{'newt.jpg', 'fire.jpg', 'lizard.jpg'}",1.0,"{'ages': 35, 'gender': 'female', 'education': 'Bachelor', 'speaker': 'Native'}"
67,36AHBNMV1SY99283MP9Q7IACT1LYDS,A2UAHW3Q7S45JP,3IH9TRB0FBLR5NFSCCYQV8JNW9C1IV,Submitted,2022-05-06 04:28:13+03:00,30,"['insect.jpg', 'clock.jpg', 'woodwind.jpg', 'bug.jpg', 'jacket.jpg', 'wrench.jpg']","{'bug.jpg', 'clock.jpg', 'insect.jpg'}","{'bug.jpg', 'clock.jpg', 'insect.jpg'}",1.0,"{'ages': 35, 'gender': 'female', 'education': 'Bachelor', 'speaker': 'Native'}"
68,36AHBNMV1SY99283MP9Q7IACT1LYDS,A2UAHW3Q7S45JP,3IH9TRB0FBLR5NFSCCYQV8JNW9C1IV,Submitted,2022-05-06 04:28:13+03:00,37,"['crowd.jpg', 'teddy.jpg', 'skin.jpg', 'diamond.jpg', 'tin.jpg', 'crust.jpg']","{'skin.jpg', 'diamond.jpg'}","{'skin.jpg', 'diamond.jpg'}",1.0,"{'ages': 35, 'gender': 'female', 'education': 'Bachelor', 'speaker': 'Native'}"
69,36AHBNMV1SY99283MP9Q7IACT1LYDS,A2UAHW3Q7S45JP,3IH9TRB0FBLR5NFSCCYQV8JNW9C1IV,Submitted,2022-05-06 04:28:13+03:00,39,"['road.jpg', 'homework.jpg', 'air force.jpg', 'weed.jpg', 'goose.jpg', 'morse code.jpg']","{'road.jpg', 'goose.jpg'}","{'road.jpg', 'morse code.jpg'}",0.3333333333333333,"{'ages': 35, 'gender': 'female', 'education': 'Bachelor', 'speaker': 'Native'}"
70,3YOH7BII0AT0JEJ89V8T4W18V00KVG,A3SR7LK7TH1B6F,3UZUVSO3P7HCL7ZV9FRXUL9Y2RZMEE,Submitted,2022-05-07 14:46:32+03:00,16,"['stewardess.jpg', 'van.jpg', 'snake.jpg', 'limp.jpg', 'cat.jpg']","{'snake.jpg', 'cat.jpg'}","{'snake.jpg', 'cat.jpg'}",1.0,"{'ages': 24, 'gender': 'male', 'education': 'Master', 'speaker': 'Native'}"
71,3YOH7BII0AT0JEJ89V8T4W18V00KVG,A3SR7LK7TH1B6F,3UZUVSO3P7HCL7ZV9FRXUL9Y2RZMEE,Submitted,2022-05-07 14:46:32+03:00,11,"['cobra.jpg', 'ruler.jpg', 'penguin.jpg', 'notebook.jpg', 'king.jpg']","{'penguin.jpg', 'king.jpg', 'ruler.jpg'}","{'penguin.jpg', 'notebook.jpg', 'ruler.jpg'}",0.5,"{'ages': 24, 'gender': 'male', 'education': 'Master', 'speaker': 'Native'}"
72,3YOH7BII0AT0JEJ89V8T4W18V00KVG,A3SR7LK7TH1B6F,3UZUVSO3P7HCL7ZV9FRXUL9Y2RZMEE,Submitted,2022-05-07 14:46:32+03:00,18,"['crane.jpg', 'microscope.jpg', 'van.jpg', 'woods.jpg', 'bush.jpg']","{'bush.jpg', 'woods.jpg'}","{'crane.jpg', 'woods.jpg'}",0.3333333333333333,"{'ages': 24, 'gender': 'male', 'education': 'Master', 'speaker': 'Native'}"
73,3YOH7BII0AT0JEJ89V8T4W18V00KVG,A3SR7LK7TH1B6F,3UZUVSO3P7HCL7ZV9FRXUL9Y2RZMEE,Submitted,2022-05-07 14:46:32+03:00,8,"['food.jpg', 'groundhog.jpg', 'drool.jpg', 'pie.jpg', 'cheese.jpg']","{'pie.jpg', 'food.jpg', 'cheese.jpg'}","{'pie.jpg', 'food.jpg', 'cheese.jpg'}",1.0,"{'ages': 24, 'gender': 'male', 'education': 'Master', 'speaker': 'Native'}"
74,3YOH7BII0AT0JEJ89V8T4W18V00KVG,A3SR7LK7TH1B6F,3UZUVSO3P7HCL7ZV9FRXUL9Y2RZMEE,Submitted,2022-05-07 14:46:32+03:00,1,"['salt.jpg', 'bread.jpg', 'landlord.jpg', 'witch.jpg', 'snack.jpg']","{'bread.jpg', 'salt.jpg', 'snack.jpg'}","{'bread.jpg', 'salt.jpg', 'snack.jpg'}",1.0,"{'ages': 24, 'gender': 'male', 'education': 'Master', 'speaker': 'Native'}"
75,3YOH7BII0AT0JEJ89V8T4W18V00KVG,A3SR7LK7TH1B6F,3UZUVSO3P7HCL7ZV9FRXUL9Y2RZMEE,Submitted,2022-05-07 14:46:32+03:00,24,"['mirror.jpg', 'snot.jpg', 'pond.jpg', 'vitamin.jpg', 'eating.jpg', 'water.jpg']","{'pond.jpg', 'water.jpg', 'mirror.jpg'}","{'snot.jpg', 'water.jpg', 'mirror.jpg'}",0.5,"{'ages': 24, 'gender': 'male', 'education': 'Master', 'speaker': 'Native'}"
76,3YOH7BII0AT0JEJ89V8T4W18V00KVG,A3SR7LK7TH1B6F,3UZUVSO3P7HCL7ZV9FRXUL9Y2RZMEE,Submitted,2022-05-07 14:46:32+03:00,25,"['pat.jpg', 'arc.jpg', 'horn.jpg', 'newt.jpg', 'fire.jpg', 'lizard.jpg']","{'newt.jpg', 'fire.jpg', 'lizard.jpg'}","{'newt.jpg', 'pat.jpg', 'lizard.jpg'}",0.5,"{'ages': 24, 'gender': 'male', 'education': 'Master', 'speaker': 'Native'}"
77,3YOH7BII0AT0JEJ89V8T4W18V00KVG,A3SR7LK7TH1B6F,3UZUVSO3P7HCL7ZV9FRXUL9Y2RZMEE,Submitted,2022-05-07 14:46:32+03:00,30,"['insect.jpg', 'clock.jpg', 'woodwind.jpg', 'bug.jpg', 'jacket.jpg', 'wrench.jpg']","{'bug.jpg', 'clock.jpg', 'insect.jpg'}","{'bug.jpg', 'clock.jpg', 'insect.jpg'}",1.0,"{'ages': 24, 'gender': 'male', 'education': 'Master', 'speaker': 'Native'}"
78,3YOH7BII0AT0JEJ89V8T4W18V00KVG,A3SR7LK7TH1B6F,3UZUVSO3P7HCL7ZV9FRXUL9Y2RZMEE,Submitted,2022-05-07 14:46:32+03:00,37,"['crowd.jpg', 'teddy.jpg', 'skin.jpg', 'diamond.jpg', 'tin.jpg', 'crust.jpg']","{'skin.jpg', 'diamond.jpg'}","{'tin.jpg', 'diamond.jpg'}",0.3333333333333333,"{'ages': 24, 'gender': 'male', 'education': 'Master', 'speaker': 'Native'}"
79,3YOH7BII0AT0JEJ89V8T4W18V00KVG,A3SR7LK7TH1B6F,3UZUVSO3P7HCL7ZV9FRXUL9Y2RZMEE,Submitted,2022-05-07 14:46:32+03:00,39,"['road.jpg', 'homework.jpg', 'air force.jpg', 'weed.jpg', 'goose.jpg', 'morse code.jpg']","{'road.jpg', 'goose.jpg'}","{'road.jpg', 'goose.jpg'}",1.0,"{'ages': 24, 'gender': 'male', 'education': 'Master', 'speaker': 'Native'}"
80,3U088ZLJVLFBLDC9VC377E5DO4F0W5,A94DL4GI8ZBUO,3KL228NDMV8FFXVJUY45FB26Q2JKGO,Submitted,2022-05-06 04:58:06+03:00,16,"['stewardess.jpg', 'van.jpg', 'snake.jpg', 'limp.jpg', 'cat.jpg']","{'snake.jpg', 'cat.jpg'}","{'snake.jpg', 'cat.jpg'}",1.0,"{'ages': 34, 'gender': 'male', 'education': 'Bachelor', 'speaker': 'Native'}"
81,3U088ZLJVLFBLDC9VC377E5DO4F0W5,A94DL4GI8ZBUO,3KL228NDMV8FFXVJUY45FB26Q2JKGO,Submitted,2022-05-06 04:58:06+03:00,11,"['cobra.jpg', 'ruler.jpg', 'penguin.jpg', 'notebook.jpg', 'king.jpg']","{'penguin.jpg', 'king.jpg', 'ruler.jpg'}","{'penguin.jpg', 'cobra.jpg', 'king.jpg'}",0.5,"{'ages': 34, 'gender': 'male', 'education': 'Bachelor', 'speaker': 'Native'}"
82,3U088ZLJVLFBLDC9VC377E5DO4F0W5,A94DL4GI8ZBUO,3KL228NDMV8FFXVJUY45FB26Q2JKGO,Submitted,2022-05-06 04:58:06+03:00,18,"['crane.jpg', 'microscope.jpg', 'van.jpg', 'woods.jpg', 'bush.jpg']","{'bush.jpg', 'woods.jpg'}","{'crane.jpg', 'woods.jpg'}",0.3333333333333333,"{'ages': 34, 'gender': 'male', 'education': 'Bachelor', 'speaker': 'Native'}"
83,3U088ZLJVLFBLDC9VC377E5DO4F0W5,A94DL4GI8ZBUO,3KL228NDMV8FFXVJUY45FB26Q2JKGO,Submitted,2022-05-06 04:58:06+03:00,8,"['food.jpg', 'groundhog.jpg', 'drool.jpg', 'pie.jpg', 'cheese.jpg']","{'pie.jpg', 'food.jpg', 'cheese.jpg'}","{'pie.jpg', 'cheese.jpg', 'drool.jpg'}",0.5,"{'ages': 34, 'gender': 'male', 'education': 'Bachelor', 'speaker': 'Native'}"
84,3U088ZLJVLFBLDC9VC377E5DO4F0W5,A94DL4GI8ZBUO,3KL228NDMV8FFXVJUY45FB26Q2JKGO,Submitted,2022-05-06 04:58:06+03:00,1,"['salt.jpg', 'bread.jpg', 'landlord.jpg', 'witch.jpg', 'snack.jpg']","{'bread.jpg', 'salt.jpg', 'snack.jpg'}","{'bread.jpg', 'salt.jpg', 'snack.jpg'}",1.0,"{'ages': 34, 'gender': 'male', 'education': 'Bachelor', 'speaker': 'Native'}"
85,3U088ZLJVLFBLDC9VC377E5DO4F0W5,A94DL4GI8ZBUO,3KL228NDMV8FFXVJUY45FB26Q2JKGO,Submitted,2022-05-06 04:58:06+03:00,24,"['mirror.jpg', 'snot.jpg', 'pond.jpg', 'vitamin.jpg', 'eating.jpg', 'water.jpg']","{'pond.jpg', 'water.jpg', 'mirror.jpg'}","{'pond.jpg', 'water.jpg', 'mirror.jpg'}",1.0,"{'ages': 34, 'gender': 'male', 'education': 'Bachelor', 'speaker': 'Native'}"
86,3U088ZLJVLFBLDC9VC377E5DO4F0W5,A94DL4GI8ZBUO,3KL228NDMV8FFXVJUY45FB26Q2JKGO,Submitted,2022-05-06 04:58:06+03:00,25,"['pat.jpg', 'arc.jpg', 'horn.jpg', 'newt.jpg', 'fire.jpg', 'lizard.jpg']","{'newt.jpg', 'fire.jpg', 'lizard.jpg'}","{'newt.jpg', 'fire.jpg', 'lizard.jpg'}",1.0,"{'ages': 34, 'gender': 'male', 'education': 'Bachelor', 'speaker': 'Native'}"
87,3U088ZLJVLFBLDC9VC377E5DO4F0W5,A94DL4GI8ZBUO,3KL228NDMV8FFXVJUY45FB26Q2JKGO,Submitted,2022-05-06 04:58:06+03:00,30,"['insect.jpg', 'clock.jpg', 'woodwind.jpg', 'bug.jpg', 'jacket.jpg', 'wrench.jpg']","{'bug.jpg', 'clock.jpg', 'insect.jpg'}","{'bug.jpg', 'clock.jpg', 'insect.jpg'}",1.0,"{'ages': 34, 'gender': 'male', 'education': 'Bachelor', 'speaker': 'Native'}"
88,3U088ZLJVLFBLDC9VC377E5DO4F0W5,A94DL4GI8ZBUO,3KL228NDMV8FFXVJUY45FB26Q2JKGO,Submitted,2022-05-06 04:58:06+03:00,37,"['crowd.jpg', 'teddy.jpg', 'skin.jpg', 'diamond.jpg', 'tin.jpg', 'crust.jpg']","{'skin.jpg', 'diamond.jpg'}","{'diamond.jpg', 'crowd.jpg'}",0.3333333333333333,"{'ages': 34, 'gender': 'male', 'education': 'Bachelor', 'speaker': 'Native'}"
89,3U088ZLJVLFBLDC9VC377E5DO4F0W5,A94DL4GI8ZBUO,3KL228NDMV8FFXVJUY45FB26Q2JKGO,Submitted,2022-05-06 04:58:06+03:00,39,"['road.jpg', 'homework.jpg', 'air force.jpg', 'weed.jpg', 'goose.jpg', 'morse code.jpg']","{'road.jpg', 'goose.jpg'}","{'road.jpg', 'morse code.jpg'}",0.3333333333333333,"{'ages': 34, 'gender': 'male', 'education': 'Bachelor', 'speaker': 'Native'}"
90,3HMVI3QICKEFH7SR6WPV6G9344O1YB,A3SR7LK7TH1B6F,3SA4EMRVJVOJFKHETOKAQ01PDV0P0R,Submitted,2022-05-06 06:01:12+03:00,16,"['stewardess.jpg', 'van.jpg', 'snake.jpg', 'limp.jpg', 'cat.jpg']","{'snake.jpg', 'cat.jpg'}","{'stewardess.jpg', 'snake.jpg'}",0.3333333333333333,"{'ages': 24, 'gender': 'male', 'education': 'Master', 'speaker': 'Native'}"
91,3HMVI3QICKEFH7SR6WPV6G9344O1YB,A3SR7LK7TH1B6F,3SA4EMRVJVOJFKHETOKAQ01PDV0P0R,Submitted,2022-05-06 06:01:12+03:00,11,"['cobra.jpg', 'ruler.jpg', 'penguin.jpg', 'notebook.jpg', 'king.jpg']","{'penguin.jpg', 'king.jpg', 'ruler.jpg'}","{'king.jpg', 'cobra.jpg', 'ruler.jpg'}",0.5,"{'ages': 24, 'gender': 'male', 'education': 'Master', 'speaker': 'Native'}"
92,3HMVI3QICKEFH7SR6WPV6G9344O1YB,A3SR7LK7TH1B6F,3SA4EMRVJVOJFKHETOKAQ01PDV0P0R,Submitted,2022-05-06 06:01:12+03:00,18,"['crane.jpg', 'microscope.jpg', 'van.jpg', 'woods.jpg', 'bush.jpg']","{'bush.jpg', 'woods.jpg'}","{'crane.jpg', 'woods.jpg'}",0.3333333333333333,"{'ages': 24, 'gender': 'male', 'education': 'Master', 'speaker': 'Native'}"
93,3HMVI3QICKEFH7SR6WPV6G9344O1YB,A3SR7LK7TH1B6F,3SA4EMRVJVOJFKHETOKAQ01PDV0P0R,Submitted,2022-05-06 06:01:12+03:00,8,"['food.jpg', 'groundhog.jpg', 'drool.jpg', 'pie.jpg', 'cheese.jpg']","{'pie.jpg', 'food.jpg', 'cheese.jpg'}","{'pie.jpg', 'food.jpg', 'cheese.jpg'}",1.0,"{'ages': 24, 'gender': 'male', 'education': 'Master', 'speaker': 'Native'}"
94,3HMVI3QICKEFH7SR6WPV6G9344O1YB,A3SR7LK7TH1B6F,3SA4EMRVJVOJFKHETOKAQ01PDV0P0R,Submitted,2022-05-06 06:01:12+03:00,1,"['salt.jpg', 'bread.jpg', 'landlord.jpg', 'witch.jpg', 'snack.jpg']","{'bread.jpg', 'salt.jpg', 'snack.jpg'}","{'bread.jpg', 'salt.jpg', 'snack.jpg'}",1.0,"{'ages': 24, 'gender': 'male', 'education': 'Master', 'speaker': 'Native'}"
95,3HMVI3QICKEFH7SR6WPV6G9344O1YB,A3SR7LK7TH1B6F,3SA4EMRVJVOJFKHETOKAQ01PDV0P0R,Submitted,2022-05-06 06:01:12+03:00,24,"['mirror.jpg', 'snot.jpg', 'pond.jpg', 'vitamin.jpg', 'eating.jpg', 'water.jpg']","{'pond.jpg', 'water.jpg', 'mirror.jpg'}","{'snot.jpg', 'water.jpg', 'mirror.jpg'}",0.5,"{'ages': 24, 'gender': 'male', 'education': 'Master', 'speaker': 'Native'}"
96,3HMVI3QICKEFH7SR6WPV6G9344O1YB,A3SR7LK7TH1B6F,3SA4EMRVJVOJFKHETOKAQ01PDV0P0R,Submitted,2022-05-06 06:01:12+03:00,25,"['pat.jpg', 'arc.jpg', 'horn.jpg', 'newt.jpg', 'fire.jpg', 'lizard.jpg']","{'newt.jpg', 'fire.jpg', 'lizard.jpg'}","{'newt.jpg', 'pat.jpg', 'lizard.jpg'}",0.5,"{'ages': 24, 'gender': 'male', 'education': 'Master', 'speaker': 'Native'}"
97,3HMVI3QICKEFH7SR6WPV6G9344O1YB,A3SR7LK7TH1B6F,3SA4EMRVJVOJFKHETOKAQ01PDV0P0R,Submitted,2022-05-06 06:01:12+03:00,30,"['insect.jpg', 'clock.jpg', 'woodwind.jpg', 'bug.jpg', 'jacket.jpg', 'wrench.jpg']","{'bug.jpg', 'clock.jpg', 'insect.jpg'}","{'bug.jpg', 'clock.jpg', 'insect.jpg'}",1.0,"{'ages': 24, 'gender': 'male', 'education': 'Master', 'speaker': 'Native'}"
98,3HMVI3QICKEFH7SR6WPV6G9344O1YB,A3SR7LK7TH1B6F,3SA4EMRVJVOJFKHETOKAQ01PDV0P0R,Submitted,2022-05-06 06:01:12+03:00,37,"['crowd.jpg', 'teddy.jpg', 'skin.jpg', 'diamond.jpg', 'tin.jpg', 'crust.jpg']","{'skin.jpg', 'diamond.jpg'}","{'tin.jpg', 'diamond.jpg'}",0.3333333333333333,"{'ages': 24, 'gender': 'male', 'education': 'Master', 'speaker': 'Native'}"
99,3HMVI3QICKEFH7SR6WPV6G9344O1YB,A3SR7LK7TH1B6F,3SA4EMRVJVOJFKHETOKAQ01PDV0P0R,Submitted,2022-05-06 06:01:12+03:00,39,"['road.jpg', 'homework.jpg', 'air force.jpg', 'weed.jpg', 'goose.jpg', 'morse code.jpg']","{'road.jpg', 'goose.jpg'}","{'road.jpg', 'goose.jpg'}",1.0,"{'ages': 24, 'gender': 'male', 'education': 'Master', 'speaker': 'Native'}"
100,3SKRO2GZ72DKX23A2HO4X8US6PA1KB,A3135Y3RMFC3PK,3R6RZGK0XFYTHZAVN84IOKKRBWGYVM,Submitted,2022-05-06 04:29:32+03:00,16,"['stewardess.jpg', 'van.jpg', 'snake.jpg', 'limp.jpg', 'cat.jpg']","{'snake.jpg', 'cat.jpg'}","{'snake.jpg', 'cat.jpg'}",1.0,"{'ages': 54, 'gender': 'female', 'education': 'Bachelor', 'speaker': 'Native'}"
101,3SKRO2GZ72DKX23A2HO4X8US6PA1KB,A3135Y3RMFC3PK,3R6RZGK0XFYTHZAVN84IOKKRBWGYVM,Submitted,2022-05-06 04:29:32+03:00,11,"['cobra.jpg', 'ruler.jpg', 'penguin.jpg', 'notebook.jpg', 'king.jpg']","{'penguin.jpg', 'king.jpg', 'ruler.jpg'}","{'penguin.jpg', 'cobra.jpg', 'ruler.jpg'}",0.5,"{'ages': 54, 'gender': 'female', 'education': 'Bachelor', 'speaker': 'Native'}"
102,3SKRO2GZ72DKX23A2HO4X8US6PA1KB,A3135Y3RMFC3PK,3R6RZGK0XFYTHZAVN84IOKKRBWGYVM,Submitted,2022-05-06 04:29:32+03:00,18,"['crane.jpg', 'microscope.jpg', 'van.jpg', 'woods.jpg', 'bush.jpg']","{'bush.jpg', 'woods.jpg'}","{'bush.jpg', 'woods.jpg'}",1.0,"{'ages': 54, 'gender': 'female', 'education': 'Bachelor', 'speaker': 'Native'}"
103,3SKRO2GZ72DKX23A2HO4X8US6PA1KB,A3135Y3RMFC3PK,3R6RZGK0XFYTHZAVN84IOKKRBWGYVM,Submitted,2022-05-06 04:29:32+03:00,8,"['food.jpg', 'groundhog.jpg', 'drool.jpg', 'pie.jpg', 'cheese.jpg']","{'pie.jpg', 'food.jpg', 'cheese.jpg'}","{'pie.jpg', 'food.jpg', 'cheese.jpg'}",1.0,"{'ages': 54, 'gender': 'female', 'education': 'Bachelor', 'speaker': 'Native'}"
104,3SKRO2GZ72DKX23A2HO4X8US6PA1KB,A3135Y3RMFC3PK,3R6RZGK0XFYTHZAVN84IOKKRBWGYVM,Submitted,2022-05-06 04:29:32+03:00,1,"['salt.jpg', 'bread.jpg', 'landlord.jpg', 'witch.jpg', 'snack.jpg']","{'bread.jpg', 'salt.jpg', 'snack.jpg'}","{'bread.jpg', 'salt.jpg', 'snack.jpg'}",1.0,"{'ages': 54, 'gender': 'female', 'education': 'Bachelor', 'speaker': 'Native'}"
105,3SKRO2GZ72DKX23A2HO4X8US6PA1KB,A3135Y3RMFC3PK,3R6RZGK0XFYTHZAVN84IOKKRBWGYVM,Submitted,2022-05-06 04:29:32+03:00,24,"['mirror.jpg', 'snot.jpg', 'pond.jpg', 'vitamin.jpg', 'eating.jpg', 'water.jpg']","{'pond.jpg', 'water.jpg', 'mirror.jpg'}","{'snot.jpg', 'pond.jpg', 'mirror.jpg'}",0.5,"{'ages': 54, 'gender': 'female', 'education': 'Bachelor', 'speaker': 'Native'}"
106,3SKRO2GZ72DKX23A2HO4X8US6PA1KB,A3135Y3RMFC3PK,3R6RZGK0XFYTHZAVN84IOKKRBWGYVM,Submitted,2022-05-06 04:29:32+03:00,25,"['pat.jpg', 'arc.jpg', 'horn.jpg', 'newt.jpg', 'fire.jpg', 'lizard.jpg']","{'newt.jpg', 'fire.jpg', 'lizard.jpg'}","{'newt.jpg', 'fire.jpg', 'lizard.jpg'}",1.0,"{'ages': 54, 'gender': 'female', 'education': 'Bachelor', 'speaker': 'Native'}"
107,3SKRO2GZ72DKX23A2HO4X8US6PA1KB,A3135Y3RMFC3PK,3R6RZGK0XFYTHZAVN84IOKKRBWGYVM,Submitted,2022-05-06 04:29:32+03:00,30,"['insect.jpg', 'clock.jpg', 'woodwind.jpg', 'bug.jpg', 'jacket.jpg', 'wrench.jpg']","{'bug.jpg', 'clock.jpg', 'insect.jpg'}","{'bug.jpg', 'clock.jpg', 'insect.jpg'}",1.0,"{'ages': 54, 'gender': 'female', 'education': 'Bachelor', 'speaker': 'Native'}"
108,3SKRO2GZ72DKX23A2HO4X8US6PA1KB,A3135Y3RMFC3PK,3R6RZGK0XFYTHZAVN84IOKKRBWGYVM,Submitted,2022-05-06 04:29:32+03:00,37,"['crowd.jpg', 'teddy.jpg', 'skin.jpg', 'diamond.jpg', 'tin.jpg', 'crust.jpg']","{'skin.jpg', 'diamond.jpg'}","{'skin.jpg', 'diamond.jpg'}",1.0,"{'ages': 54, 'gender': 'female', 'education': 'Bachelor', 'speaker': 'Native'}"
109,3SKRO2GZ72DKX23A2HO4X8US6PA1KB,A3135Y3RMFC3PK,3R6RZGK0XFYTHZAVN84IOKKRBWGYVM,Submitted,2022-05-06 04:29:32+03:00,39,"['road.jpg', 'homework.jpg', 'air force.jpg', 'weed.jpg', 'goose.jpg', 'morse code.jpg']","{'road.jpg', 'goose.jpg'}","{'road.jpg', 'morse code.jpg'}",0.3333333333333333,"{'ages': 54, 'gender': 'female', 'education': 'Bachelor', 'speaker': 'Native'}"
110,36TFCYNS45W1LDNV3P6EFPI1JSOHXS,A3FQNVDMR1ORAT,3W9XHF7WGKHJK2HPEY3CEUHVGWRTK6,Submitted,2022-05-06 23:02:38+03:00,16,"['stewardess.jpg', 'van.jpg', 'snake.jpg', 'limp.jpg', 'cat.jpg']","{'snake.jpg', 'cat.jpg'}","{'snake.jpg', 'cat.jpg'}",1.0,"{'ages': 28, 'gender': 'male', 'education': 'HighSchool', 'speaker': 'Native'}"
111,36TFCYNS45W1LDNV3P6EFPI1JSOHXS,A3FQNVDMR1ORAT,3W9XHF7WGKHJK2HPEY3CEUHVGWRTK6,Submitted,2022-05-06 23:02:38+03:00,11,"['cobra.jpg', 'ruler.jpg', 'penguin.jpg', 'notebook.jpg', 'king.jpg']","{'penguin.jpg', 'king.jpg', 'ruler.jpg'}","{'penguin.jpg', 'cobra.jpg', 'ruler.jpg'}",0.5,"{'ages': 28, 'gender': 'male', 'education': 'HighSchool', 'speaker': 'Native'}"
112,36TFCYNS45W1LDNV3P6EFPI1JSOHXS,A3FQNVDMR1ORAT,3W9XHF7WGKHJK2HPEY3CEUHVGWRTK6,Submitted,2022-05-06 23:02:38+03:00,18,"['crane.jpg', 'microscope.jpg', 'van.jpg', 'woods.jpg', 'bush.jpg']","{'bush.jpg', 'woods.jpg'}","{'bush.jpg', 'woods.jpg'}",1.0,"{'ages': 28, 'gender': 'male', 'education': 'HighSchool', 'speaker': 'Native'}"
113,36TFCYNS45W1LDNV3P6EFPI1JSOHXS,A3FQNVDMR1ORAT,3W9XHF7WGKHJK2HPEY3CEUHVGWRTK6,Submitted,2022-05-06 23:02:38+03:00,8,"['food.jpg', 'groundhog.jpg', 'drool.jpg', 'pie.jpg', 'cheese.jpg']","{'pie.jpg', 'food.jpg', 'cheese.jpg'}","{'pie.jpg', 'food.jpg', 'cheese.jpg'}",1.0,"{'ages': 28, 'gender': 'male', 'education': 'HighSchool', 'speaker': 'Native'}"
114,36TFCYNS45W1LDNV3P6EFPI1JSOHXS,A3FQNVDMR1ORAT,3W9XHF7WGKHJK2HPEY3CEUHVGWRTK6,Submitted,2022-05-06 23:02:38+03:00,1,"['salt.jpg', 'bread.jpg', 'landlord.jpg', 'witch.jpg', 'snack.jpg']","{'bread.jpg', 'salt.jpg', 'snack.jpg'}","{'bread.jpg', 'salt.jpg', 'snack.jpg'}",1.0,"{'ages': 28, 'gender': 'male', 'education': 'HighSchool', 'speaker': 'Native'}"
115,36TFCYNS45W1LDNV3P6EFPI1JSOHXS,A3FQNVDMR1ORAT,3W9XHF7WGKHJK2HPEY3CEUHVGWRTK6,Submitted,2022-05-06 23:02:38+03:00,24,"['mirror.jpg', 'snot.jpg', 'pond.jpg', 'vitamin.jpg', 'eating.jpg', 'water.jpg']","{'pond.jpg', 'water.jpg', 'mirror.jpg'}","{'pond.jpg', 'water.jpg', 'mirror.jpg'}",1.0,"{'ages': 28, 'gender': 'male', 'education': 'HighSchool', 'speaker': 'Native'}"
116,36TFCYNS45W1LDNV3P6EFPI1JSOHXS,A3FQNVDMR1ORAT,3W9XHF7WGKHJK2HPEY3CEUHVGWRTK6,Submitted,2022-05-06 23:02:38+03:00,25,"['pat.jpg', 'arc.jpg', 'horn.jpg', 'newt.jpg', 'fire.jpg', 'lizard.jpg']","{'newt.jpg', 'fire.jpg', 'lizard.jpg'}","{'newt.jpg', 'fire.jpg', 'lizard.jpg'}",1.0,"{'ages': 28, 'gender': 'male', 'education': 'HighSchool', 'speaker': 'Native'}"
117,36TFCYNS45W1LDNV3P6EFPI1JSOHXS,A3FQNVDMR1ORAT,3W9XHF7WGKHJK2HPEY3CEUHVGWRTK6,Submitted,2022-05-06 23:02:38+03:00,30,"['insect.jpg', 'clock.jpg', 'woodwind.jpg', 'bug.jpg', 'jacket.jpg', 'wrench.jpg']","{'bug.jpg', 'clock.jpg', 'insect.jpg'}","{'bug.jpg', 'clock.jpg', 'insect.jpg'}",1.0,"{'ages': 28, 'gender': 'male', 'education': 'HighSchool', 'speaker': 'Native'}"
118,36TFCYNS45W1LDNV3P6EFPI1JSOHXS,A3FQNVDMR1ORAT,3W9XHF7WGKHJK2HPEY3CEUHVGWRTK6,Submitted,2022-05-06 23:02:38+03:00,37,"['crowd.jpg', 'teddy.jpg', 'skin.jpg', 'diamond.jpg', 'tin.jpg', 'crust.jpg']","{'skin.jpg', 'diamond.jpg'}","{'skin.jpg', 'diamond.jpg'}",1.0,"{'ages': 28, 'gender': 'male', 'education': 'HighSchool', 'speaker': 'Native'}"
119,36TFCYNS45W1LDNV3P6EFPI1JSOHXS,A3FQNVDMR1ORAT,3W9XHF7WGKHJK2HPEY3CEUHVGWRTK6,Submitted,2022-05-06 23:02:38+03:00,39,"['road.jpg', 'homework.jpg', 'air force.jpg', 'weed.jpg', 'goose.jpg', 'morse code.jpg']","{'road.jpg', 'goose.jpg'}","{'road.jpg', 'morse code.jpg'}",0.3333333333333333,"{'ages': 28, 'gender': 'male', 'education': 'HighSchool', 'speaker': 'Native'}"
120,3AQF3RZ55944O2CT7C9OCRT465E6FJ,A1W1X3S1Y0RKF3,3VLL1PIENQAYW5B3IIKN7ZZLLXNOZ1,Submitted,2022-05-06 15:46:55+03:00,16,"['stewardess.jpg', 'van.jpg', 'snake.jpg', 'limp.jpg', 'cat.jpg']","{'snake.jpg', 'cat.jpg'}","{'snake.jpg', 'cat.jpg'}",1.0,"{'ages': 32, 'gender': 'male', 'education': 'Master', 'speaker': 'Native'}"
121,3AQF3RZ55944O2CT7C9OCRT465E6FJ,A1W1X3S1Y0RKF3,3VLL1PIENQAYW5B3IIKN7ZZLLXNOZ1,Submitted,2022-05-06 15:46:55+03:00,11,"['cobra.jpg', 'ruler.jpg', 'penguin.jpg', 'notebook.jpg', 'king.jpg']","{'penguin.jpg', 'king.jpg', 'ruler.jpg'}","{'penguin.jpg', 'cobra.jpg', 'king.jpg'}",0.5,"{'ages': 32, 'gender': 'male', 'education': 'Master', 'speaker': 'Native'}"
122,3AQF3RZ55944O2CT7C9OCRT465E6FJ,A1W1X3S1Y0RKF3,3VLL1PIENQAYW5B3IIKN7ZZLLXNOZ1,Submitted,2022-05-06 15:46:55+03:00,18,"['crane.jpg', 'microscope.jpg', 'van.jpg', 'woods.jpg', 'bush.jpg']","{'bush.jpg', 'woods.jpg'}","{'crane.jpg', 'woods.jpg'}",0.3333333333333333,"{'ages': 32, 'gender': 'male', 'education': 'Master', 'speaker': 'Native'}"
123,3AQF3RZ55944O2CT7C9OCRT465E6FJ,A1W1X3S1Y0RKF3,3VLL1PIENQAYW5B3IIKN7ZZLLXNOZ1,Submitted,2022-05-06 15:46:55+03:00,8,"['food.jpg', 'groundhog.jpg', 'drool.jpg', 'pie.jpg', 'cheese.jpg']","{'pie.jpg', 'food.jpg', 'cheese.jpg'}","{'pie.jpg', 'food.jpg', 'cheese.jpg'}",1.0,"{'ages': 32, 'gender': 'male', 'education': 'Master', 'speaker': 'Native'}"
124,3AQF3RZ55944O2CT7C9OCRT465E6FJ,A1W1X3S1Y0RKF3,3VLL1PIENQAYW5B3IIKN7ZZLLXNOZ1,Submitted,2022-05-06 15:46:55+03:00,1,"['salt.jpg', 'bread.jpg', 'landlord.jpg', 'witch.jpg', 'snack.jpg']","{'bread.jpg', 'salt.jpg', 'snack.jpg'}","{'bread.jpg', 'salt.jpg', 'snack.jpg'}",1.0,"{'ages': 32, 'gender': 'male', 'education': 'Master', 'speaker': 'Native'}"
125,3AQF3RZ55944O2CT7C9OCRT465E6FJ,A1W1X3S1Y0RKF3,3VLL1PIENQAYW5B3IIKN7ZZLLXNOZ1,Submitted,2022-05-06 15:46:55+03:00,24,"['mirror.jpg', 'snot.jpg', 'pond.jpg', 'vitamin.jpg', 'eating.jpg', 'water.jpg']","{'pond.jpg', 'water.jpg', 'mirror.jpg'}","{'pond.jpg', 'water.jpg', 'mirror.jpg'}",1.0,"{'ages': 32, 'gender': 'male', 'education': 'Master', 'speaker': 'Native'}"
126,3AQF3RZ55944O2CT7C9OCRT465E6FJ,A1W1X3S1Y0RKF3,3VLL1PIENQAYW5B3IIKN7ZZLLXNOZ1,Submitted,2022-05-06 15:46:55+03:00,25,"['pat.jpg', 'arc.jpg', 'horn.jpg', 'newt.jpg', 'fire.jpg', 'lizard.jpg']","{'newt.jpg', 'fire.jpg', 'lizard.jpg'}","{'newt.jpg', 'fire.jpg', 'lizard.jpg'}",1.0,"{'ages': 32, 'gender': 'male', 'education': 'Master', 'speaker': 'Native'}"
127,3AQF3RZ55944O2CT7C9OCRT465E6FJ,A1W1X3S1Y0RKF3,3VLL1PIENQAYW5B3IIKN7ZZLLXNOZ1,Submitted,2022-05-06 15:46:55+03:00,30,"['insect.jpg', 'clock.jpg', 'woodwind.jpg', 'bug.jpg', 'jacket.jpg', 'wrench.jpg']","{'bug.jpg', 'clock.jpg', 'insect.jpg'}","{'bug.jpg', 'clock.jpg', 'insect.jpg'}",1.0,"{'ages': 32, 'gender': 'male', 'education': 'Master', 'speaker': 'Native'}"
128,3AQF3RZ55944O2CT7C9OCRT465E6FJ,A1W1X3S1Y0RKF3,3VLL1PIENQAYW5B3IIKN7ZZLLXNOZ1,Submitted,2022-05-06 15:46:55+03:00,37,"['crowd.jpg', 'teddy.jpg', 'skin.jpg', 'diamond.jpg', 'tin.jpg', 'crust.jpg']","{'skin.jpg', 'diamond.jpg'}","{'crust.jpg', 'diamond.jpg'}",0.3333333333333333,"{'ages': 32, 'gender': 'male', 'education': 'Master', 'speaker': 'Native'}"
129,3AQF3RZ55944O2CT7C9OCRT465E6FJ,A1W1X3S1Y0RKF3,3VLL1PIENQAYW5B3IIKN7ZZLLXNOZ1,Submitted,2022-05-06 15:46:55+03:00,39,"['road.jpg', 'homework.jpg', 'air force.jpg', 'weed.jpg', 'goose.jpg', 'morse code.jpg']","{'road.jpg', 'goose.jpg'}","{'road.jpg', 'morse code.jpg'}",0.3333333333333333,"{'ages': 32, 'gender': 'male', 'education': 'Master', 'speaker': 'Native'}"
130,3IO1LGZLKAJV9N26ZY3I2ZCIJ0O68N,A2BK45LZGGWPLX,3I4E7AFQ2KLO9IB7WD30DFHI17RTJ7,Submitted,2022-05-06 03:00:15+03:00,16,"['stewardess.jpg', 'van.jpg', 'snake.jpg', 'limp.jpg', 'cat.jpg']","{'snake.jpg', 'cat.jpg'}","{'snake.jpg', 'cat.jpg'}",1.0,"{'ages': 65, 'gender': 'female', 'education': 'Master', 'speaker': 'Native'}"
131,3IO1LGZLKAJV9N26ZY3I2ZCIJ0O68N,A2BK45LZGGWPLX,3I4E7AFQ2KLO9IB7WD30DFHI17RTJ7,Submitted,2022-05-06 03:00:15+03:00,11,"['cobra.jpg', 'ruler.jpg', 'penguin.jpg', 'notebook.jpg', 'king.jpg']","{'penguin.jpg', 'king.jpg', 'ruler.jpg'}","{'penguin.jpg', 'cobra.jpg', 'king.jpg'}",0.5,"{'ages': 65, 'gender': 'female', 'education': 'Master', 'speaker': 'Native'}"
132,3IO1LGZLKAJV9N26ZY3I2ZCIJ0O68N,A2BK45LZGGWPLX,3I4E7AFQ2KLO9IB7WD30DFHI17RTJ7,Submitted,2022-05-06 03:00:15+03:00,18,"['crane.jpg', 'microscope.jpg', 'van.jpg', 'woods.jpg', 'bush.jpg']","{'bush.jpg', 'woods.jpg'}","{'bush.jpg', 'woods.jpg'}",1.0,"{'ages': 65, 'gender': 'female', 'education': 'Master', 'speaker': 'Native'}"
133,3IO1LGZLKAJV9N26ZY3I2ZCIJ0O68N,A2BK45LZGGWPLX,3I4E7AFQ2KLO9IB7WD30DFHI17RTJ7,Submitted,2022-05-06 03:00:15+03:00,8,"['food.jpg', 'groundhog.jpg', 'drool.jpg', 'pie.jpg', 'cheese.jpg']","{'pie.jpg', 'food.jpg', 'cheese.jpg'}","{'pie.jpg', 'food.jpg', 'cheese.jpg'}",1.0,"{'ages': 65, 'gender': 'female', 'education': 'Master', 'speaker': 'Native'}"
134,3IO1LGZLKAJV9N26ZY3I2ZCIJ0O68N,A2BK45LZGGWPLX,3I4E7AFQ2KLO9IB7WD30DFHI17RTJ7,Submitted,2022-05-06 03:00:15+03:00,1,"['salt.jpg', 'bread.jpg', 'landlord.jpg', 'witch.jpg', 'snack.jpg']","{'bread.jpg', 'salt.jpg', 'snack.jpg'}","{'bread.jpg', 'salt.jpg', 'snack.jpg'}",1.0,"{'ages': 65, 'gender': 'female', 'education': 'Master', 'speaker': 'Native'}"
135,3IO1LGZLKAJV9N26ZY3I2ZCIJ0O68N,A2BK45LZGGWPLX,3I4E7AFQ2KLO9IB7WD30DFHI17RTJ7,Submitted,2022-05-06 03:00:15+03:00,24,"['mirror.jpg', 'snot.jpg', 'pond.jpg', 'vitamin.jpg', 'eating.jpg', 'water.jpg']","{'pond.jpg', 'water.jpg', 'mirror.jpg'}","{'snot.jpg', 'pond.jpg', 'mirror.jpg'}",0.5,"{'ages': 65, 'gender': 'female', 'education': 'Master', 'speaker': 'Native'}"
136,3IO1LGZLKAJV9N26ZY3I2ZCIJ0O68N,A2BK45LZGGWPLX,3I4E7AFQ2KLO9IB7WD30DFHI17RTJ7,Submitted,2022-05-06 03:00:15+03:00,25,"['pat.jpg', 'arc.jpg', 'horn.jpg', 'newt.jpg', 'fire.jpg', 'lizard.jpg']","{'newt.jpg', 'fire.jpg', 'lizard.jpg'}","{'newt.jpg', 'fire.jpg', 'lizard.jpg'}",1.0,"{'ages': 65, 'gender': 'female', 'education': 'Master', 'speaker': 'Native'}"
137,3IO1LGZLKAJV9N26ZY3I2ZCIJ0O68N,A2BK45LZGGWPLX,3I4E7AFQ2KLO9IB7WD30DFHI17RTJ7,Submitted,2022-05-06 03:00:15+03:00,30,"['insect.jpg', 'clock.jpg', 'woodwind.jpg', 'bug.jpg', 'jacket.jpg', 'wrench.jpg']","{'bug.jpg', 'clock.jpg', 'insect.jpg'}","{'bug.jpg', 'clock.jpg', 'insect.jpg'}",1.0,"{'ages': 65, 'gender': 'female', 'education': 'Master', 'speaker': 'Native'}"
138,3IO1LGZLKAJV9N26ZY3I2ZCIJ0O68N,A2BK45LZGGWPLX,3I4E7AFQ2KLO9IB7WD30DFHI17RTJ7,Submitted,2022-05-06 03:00:15+03:00,37,"['crowd.jpg', 'teddy.jpg', 'skin.jpg', 'diamond.jpg', 'tin.jpg', 'crust.jpg']","{'skin.jpg', 'diamond.jpg'}","{'skin.jpg', 'diamond.jpg'}",1.0,"{'ages': 65, 'gender': 'female', 'education': 'Master', 'speaker': 'Native'}"
139,3IO1LGZLKAJV9N26ZY3I2ZCIJ0O68N,A2BK45LZGGWPLX,3I4E7AFQ2KLO9IB7WD30DFHI17RTJ7,Submitted,2022-05-06 03:00:15+03:00,39,"['road.jpg', 'homework.jpg', 'air force.jpg', 'weed.jpg', 'goose.jpg', 'morse code.jpg']","{'road.jpg', 'goose.jpg'}","{'road.jpg', 'air force.jpg'}",0.3333333333333333,"{'ages': 65, 'gender': 'female', 'education': 'Master', 'speaker': 'Native'}"
140,3YMTUJH0DT20SKQGJ8LYWXOR1MD4TZ,AJ4T7PTRYNSUW,3IZPORCT1FVF2X3P4OVK1N0L0UQRHN,Submitted,2022-05-06 05:00:12+03:00,16,"['stewardess.jpg', 'van.jpg', 'snake.jpg', 'limp.jpg', 'cat.jpg']","{'snake.jpg', 'cat.jpg'}","{'snake.jpg', 'cat.jpg'}",1.0,"{'ages': 30, 'gender': 'male', 'education': 'HighSchool', 'speaker': 'Native'}"
141,3YMTUJH0DT20SKQGJ8LYWXOR1MD4TZ,AJ4T7PTRYNSUW,3IZPORCT1FVF2X3P4OVK1N0L0UQRHN,Submitted,2022-05-06 05:00:12+03:00,11,"['cobra.jpg', 'ruler.jpg', 'penguin.jpg', 'notebook.jpg', 'king.jpg']","{'penguin.jpg', 'king.jpg', 'ruler.jpg'}","{'penguin.jpg', 'cobra.jpg', 'king.jpg'}",0.5,"{'ages': 30, 'gender': 'male', 'education': 'HighSchool', 'speaker': 'Native'}"
142,3YMTUJH0DT20SKQGJ8LYWXOR1MD4TZ,AJ4T7PTRYNSUW,3IZPORCT1FVF2X3P4OVK1N0L0UQRHN,Submitted,2022-05-06 05:00:12+03:00,18,"['crane.jpg', 'microscope.jpg', 'van.jpg', 'woods.jpg', 'bush.jpg']","{'bush.jpg', 'woods.jpg'}","{'crane.jpg', 'woods.jpg'}",0.3333333333333333,"{'ages': 30, 'gender': 'male', 'education': 'HighSchool', 'speaker': 'Native'}"
143,3YMTUJH0DT20SKQGJ8LYWXOR1MD4TZ,AJ4T7PTRYNSUW,3IZPORCT1FVF2X3P4OVK1N0L0UQRHN,Submitted,2022-05-06 05:00:12+03:00,8,"['food.jpg', 'groundhog.jpg', 'drool.jpg', 'pie.jpg', 'cheese.jpg']","{'pie.jpg', 'food.jpg', 'cheese.jpg'}","{'pie.jpg', 'food.jpg', 'cheese.jpg'}",1.0,"{'ages': 30, 'gender': 'male', 'education': 'HighSchool', 'speaker': 'Native'}"
144,3YMTUJH0DT20SKQGJ8LYWXOR1MD4TZ,AJ4T7PTRYNSUW,3IZPORCT1FVF2X3P4OVK1N0L0UQRHN,Submitted,2022-05-06 05:00:12+03:00,1,"['salt.jpg', 'bread.jpg', 'landlord.jpg', 'witch.jpg', 'snack.jpg']","{'bread.jpg', 'salt.jpg', 'snack.jpg'}","{'bread.jpg', 'salt.jpg', 'snack.jpg'}",1.0,"{'ages': 30, 'gender': 'male', 'education': 'HighSchool', 'speaker': 'Native'}"
145,3YMTUJH0DT20SKQGJ8LYWXOR1MD4TZ,AJ4T7PTRYNSUW,3IZPORCT1FVF2X3P4OVK1N0L0UQRHN,Submitted,2022-05-06 05:00:12+03:00,24,"['mirror.jpg', 'snot.jpg', 'pond.jpg', 'vitamin.jpg', 'eating.jpg', 'water.jpg']","{'pond.jpg', 'water.jpg', 'mirror.jpg'}","{'pond.jpg', 'water.jpg', 'mirror.jpg'}",1.0,"{'ages': 30, 'gender': 'male', 'education': 'HighSchool', 'speaker': 'Native'}"
146,3YMTUJH0DT20SKQGJ8LYWXOR1MD4TZ,AJ4T7PTRYNSUW,3IZPORCT1FVF2X3P4OVK1N0L0UQRHN,Submitted,2022-05-06 05:00:12+03:00,25,"['pat.jpg', 'arc.jpg', 'horn.jpg', 'newt.jpg', 'fire.jpg', 'lizard.jpg']","{'newt.jpg', 'fire.jpg', 'lizard.jpg'}","{'newt.jpg', 'fire.jpg', 'lizard.jpg'}",1.0,"{'ages': 30, 'gender': 'male', 'education': 'HighSchool', 'speaker': 'Native'}"
147,3YMTUJH0DT20SKQGJ8LYWXOR1MD4TZ,AJ4T7PTRYNSUW,3IZPORCT1FVF2X3P4OVK1N0L0UQRHN,Submitted,2022-05-06 05:00:12+03:00,30,"['insect.jpg', 'clock.jpg', 'woodwind.jpg', 'bug.jpg', 'jacket.jpg', 'wrench.jpg']","{'bug.jpg', 'clock.jpg', 'insect.jpg'}","{'bug.jpg', 'clock.jpg', 'insect.jpg'}",1.0,"{'ages': 30, 'gender': 'male', 'education': 'HighSchool', 'speaker': 'Native'}"
148,3YMTUJH0DT20SKQGJ8LYWXOR1MD4TZ,AJ4T7PTRYNSUW,3IZPORCT1FVF2X3P4OVK1N0L0UQRHN,Submitted,2022-05-06 05:00:12+03:00,37,"['crowd.jpg', 'teddy.jpg', 'skin.jpg', 'diamond.jpg', 'tin.jpg', 'crust.jpg']","{'skin.jpg', 'diamond.jpg'}","{'skin.jpg', 'diamond.jpg'}",1.0,"{'ages': 30, 'gender': 'male', 'education': 'HighSchool', 'speaker': 'Native'}"
149,3YMTUJH0DT20SKQGJ8LYWXOR1MD4TZ,AJ4T7PTRYNSUW,3IZPORCT1FVF2X3P4OVK1N0L0UQRHN,Submitted,2022-05-06 05:00:12+03:00,39,"['road.jpg', 'homework.jpg', 'air force.jpg', 'weed.jpg', 'goose.jpg', 'morse code.jpg']","{'road.jpg', 'goose.jpg'}","{'road.jpg', 'morse code.jpg'}",0.3333333333333333,"{'ages': 30, 'gender': 'male', 'education': 'HighSchool', 'speaker': 'Native'}"
150,3DI28L7YXB0HB2B06VD1ZDHNMS0E1Q,A1OZPLHNIU1519,3LXX8KJXPWVJQETQEKQOUBXS6UY9O6,Submitted,2022-05-06 02:24:52+03:00,16,"['stewardess.jpg', 'van.jpg', 'snake.jpg', 'limp.jpg', 'cat.jpg']","{'snake.jpg', 'cat.jpg'}","{'snake.jpg', 'cat.jpg'}",1.0,"{'ages': 58, 'gender': 'male', 'education': 'HighSchool', 'speaker': 'Native'}"
151,3DI28L7YXB0HB2B06VD1ZDHNMS0E1Q,A1OZPLHNIU1519,3LXX8KJXPWVJQETQEKQOUBXS6UY9O6,Submitted,2022-05-06 02:24:52+03:00,11,"['cobra.jpg', 'ruler.jpg', 'penguin.jpg', 'notebook.jpg', 'king.jpg']","{'penguin.jpg', 'king.jpg', 'ruler.jpg'}","{'penguin.jpg', 'cobra.jpg', 'ruler.jpg'}",0.5,"{'ages': 58, 'gender': 'male', 'education': 'HighSchool', 'speaker': 'Native'}"
152,3DI28L7YXB0HB2B06VD1ZDHNMS0E1Q,A1OZPLHNIU1519,3LXX8KJXPWVJQETQEKQOUBXS6UY9O6,Submitted,2022-05-06 02:24:52+03:00,18,"['crane.jpg', 'microscope.jpg', 'van.jpg', 'woods.jpg', 'bush.jpg']","{'bush.jpg', 'woods.jpg'}","{'crane.jpg', 'woods.jpg'}",0.3333333333333333,"{'ages': 58, 'gender': 'male', 'education': 'HighSchool', 'speaker': 'Native'}"
153,3DI28L7YXB0HB2B06VD1ZDHNMS0E1Q,A1OZPLHNIU1519,3LXX8KJXPWVJQETQEKQOUBXS6UY9O6,Submitted,2022-05-06 02:24:52+03:00,8,"['food.jpg', 'groundhog.jpg', 'drool.jpg', 'pie.jpg', 'cheese.jpg']","{'pie.jpg', 'food.jpg', 'cheese.jpg'}","{'pie.jpg', 'food.jpg', 'cheese.jpg'}",1.0,"{'ages': 58, 'gender': 'male', 'education': 'HighSchool', 'speaker': 'Native'}"
154,3DI28L7YXB0HB2B06VD1ZDHNMS0E1Q,A1OZPLHNIU1519,3LXX8KJXPWVJQETQEKQOUBXS6UY9O6,Submitted,2022-05-06 02:24:52+03:00,1,"['salt.jpg', 'bread.jpg', 'landlord.jpg', 'witch.jpg', 'snack.jpg']","{'bread.jpg', 'salt.jpg', 'snack.jpg'}","{'bread.jpg', 'salt.jpg', 'snack.jpg'}",1.0,"{'ages': 58, 'gender': 'male', 'education': 'HighSchool', 'speaker': 'Native'}"
155,3DI28L7YXB0HB2B06VD1ZDHNMS0E1Q,A1OZPLHNIU1519,3LXX8KJXPWVJQETQEKQOUBXS6UY9O6,Submitted,2022-05-06 02:24:52+03:00,24,"['mirror.jpg', 'snot.jpg', 'pond.jpg', 'vitamin.jpg', 'eating.jpg', 'water.jpg']","{'pond.jpg', 'water.jpg', 'mirror.jpg'}","{'pond.jpg', 'water.jpg', 'mirror.jpg'}",1.0,"{'ages': 58, 'gender': 'male', 'education': 'HighSchool', 'speaker': 'Native'}"
156,3DI28L7YXB0HB2B06VD1ZDHNMS0E1Q,A1OZPLHNIU1519,3LXX8KJXPWVJQETQEKQOUBXS6UY9O6,Submitted,2022-05-06 02:24:52+03:00,25,"['pat.jpg', 'arc.jpg', 'horn.jpg', 'newt.jpg', 'fire.jpg', 'lizard.jpg']","{'newt.jpg', 'fire.jpg', 'lizard.jpg'}","{'newt.jpg', 'fire.jpg', 'lizard.jpg'}",1.0,"{'ages': 58, 'gender': 'male', 'education': 'HighSchool', 'speaker': 'Native'}"
157,3DI28L7YXB0HB2B06VD1ZDHNMS0E1Q,A1OZPLHNIU1519,3LXX8KJXPWVJQETQEKQOUBXS6UY9O6,Submitted,2022-05-06 02:24:52+03:00,30,"['insect.jpg', 'clock.jpg', 'woodwind.jpg', 'bug.jpg', 'jacket.jpg', 'wrench.jpg']","{'bug.jpg', 'clock.jpg', 'insect.jpg'}","{'bug.jpg', 'clock.jpg', 'insect.jpg'}",1.0,"{'ages': 58, 'gender': 'male', 'education': 'HighSchool', 'speaker': 'Native'}"
158,3DI28L7YXB0HB2B06VD1ZDHNMS0E1Q,A1OZPLHNIU1519,3LXX8KJXPWVJQETQEKQOUBXS6UY9O6,Submitted,2022-05-06 02:24:52+03:00,37,"['crowd.jpg', 'teddy.jpg', 'skin.jpg', 'diamond.jpg', 'tin.jpg', 'crust.jpg']","{'skin.jpg', 'diamond.jpg'}","{'skin.jpg', 'diamond.jpg'}",1.0,"{'ages': 58, 'gender': 'male', 'education': 'HighSchool', 'speaker': 'Native'}"
159,3DI28L7YXB0HB2B06VD1ZDHNMS0E1Q,A1OZPLHNIU1519,3LXX8KJXPWVJQETQEKQOUBXS6UY9O6,Submitted,2022-05-06 02:24:52+03:00,39,"['road.jpg', 'homework.jpg', 'air force.jpg', 'weed.jpg', 'goose.jpg', 'morse code.jpg']","{'road.jpg', 'goose.jpg'}","{'road.jpg', 'goose.jpg'}",1.0,"{'ages': 58, 'gender': 'male', 'education': 'HighSchool', 'speaker': 'Native'}"
160,3P529IW9KZ7M7NF0UGFQ1AB1WZKLFL,A2V3P1XE33NYC3,3IQ9O0AYW6LSE7R1EVI01E2IOS2TIV,Submitted,2022-05-06 02:21:30+03:00,16,"['stewardess.jpg', 'van.jpg', 'snake.jpg', 'limp.jpg', 'cat.jpg']","{'snake.jpg', 'cat.jpg'}","{'snake.jpg', 'cat.jpg'}",1.0,"{'ages': 51, 'gender': 'male', 'education': 'Master', 'speaker': 'Native'}"
161,3P529IW9KZ7M7NF0UGFQ1AB1WZKLFL,A2V3P1XE33NYC3,3IQ9O0AYW6LSE7R1EVI01E2IOS2TIV,Submitted,2022-05-06 02:21:30+03:00,11,"['cobra.jpg', 'ruler.jpg', 'penguin.jpg', 'notebook.jpg', 'king.jpg']","{'penguin.jpg', 'king.jpg', 'ruler.jpg'}","{'penguin.jpg', 'cobra.jpg', 'king.jpg'}",0.5,"{'ages': 51, 'gender': 'male', 'education': 'Master', 'speaker': 'Native'}"
162,3P529IW9KZ7M7NF0UGFQ1AB1WZKLFL,A2V3P1XE33NYC3,3IQ9O0AYW6LSE7R1EVI01E2IOS2TIV,Submitted,2022-05-06 02:21:30+03:00,18,"['crane.jpg', 'microscope.jpg', 'van.jpg', 'woods.jpg', 'bush.jpg']","{'bush.jpg', 'woods.jpg'}","{'bush.jpg', 'woods.jpg'}",1.0,"{'ages': 51, 'gender': 'male', 'education': 'Master', 'speaker': 'Native'}"
163,3P529IW9KZ7M7NF0UGFQ1AB1WZKLFL,A2V3P1XE33NYC3,3IQ9O0AYW6LSE7R1EVI01E2IOS2TIV,Submitted,2022-05-06 02:21:30+03:00,8,"['food.jpg', 'groundhog.jpg', 'drool.jpg', 'pie.jpg', 'cheese.jpg']","{'pie.jpg', 'food.jpg', 'cheese.jpg'}","{'pie.jpg', 'food.jpg', 'cheese.jpg'}",1.0,"{'ages': 51, 'gender': 'male', 'education': 'Master', 'speaker': 'Native'}"
164,3P529IW9KZ7M7NF0UGFQ1AB1WZKLFL,A2V3P1XE33NYC3,3IQ9O0AYW6LSE7R1EVI01E2IOS2TIV,Submitted,2022-05-06 02:21:30+03:00,1,"['salt.jpg', 'bread.jpg', 'landlord.jpg', 'witch.jpg', 'snack.jpg']","{'bread.jpg', 'salt.jpg', 'snack.jpg'}","{'bread.jpg', 'salt.jpg', 'snack.jpg'}",1.0,"{'ages': 51, 'gender': 'male', 'education': 'Master', 'speaker': 'Native'}"
165,3P529IW9KZ7M7NF0UGFQ1AB1WZKLFL,A2V3P1XE33NYC3,3IQ9O0AYW6LSE7R1EVI01E2IOS2TIV,Submitted,2022-05-06 02:21:30+03:00,25,"['pat.jpg', 'arc.jpg', 'horn.jpg', 'newt.jpg', 'fire.jpg', 'lizard.jpg']","{'newt.jpg', 'fire.jpg', 'lizard.jpg'}","{'newt.jpg', 'fire.jpg', 'lizard.jpg'}",1.0,"{'ages': 51, 'gender': 'male', 'education': 'Master', 'speaker': 'Native'}"
166,3P529IW9KZ7M7NF0UGFQ1AB1WZKLFL,A2V3P1XE33NYC3,3IQ9O0AYW6LSE7R1EVI01E2IOS2TIV,Submitted,2022-05-06 02:21:30+03:00,30,"['insect.jpg', 'clock.jpg', 'woodwind.jpg', 'bug.jpg', 'jacket.jpg', 'wrench.jpg']","{'bug.jpg', 'clock.jpg', 'insect.jpg'}","{'bug.jpg', 'clock.jpg', 'insect.jpg'}",1.0,"{'ages': 51, 'gender': 'male', 'education': 'Master', 'speaker': 'Native'}"
167,3P529IW9KZ7M7NF0UGFQ1AB1WZKLFL,A2V3P1XE33NYC3,3IQ9O0AYW6LSE7R1EVI01E2IOS2TIV,Submitted,2022-05-06 02:21:30+03:00,37,"['crowd.jpg', 'teddy.jpg', 'skin.jpg', 'diamond.jpg', 'tin.jpg', 'crust.jpg']","{'skin.jpg', 'diamond.jpg'}","{'skin.jpg', 'diamond.jpg'}",1.0,"{'ages': 51, 'gender': 'male', 'education': 'Master', 'speaker': 'Native'}"
168,3P529IW9KZ7M7NF0UGFQ1AB1WZKLFL,A2V3P1XE33NYC3,3IQ9O0AYW6LSE7R1EVI01E2IOS2TIV,Submitted,2022-05-06 02:21:30+03:00,39,"['road.jpg', 'homework.jpg', 'air force.jpg', 'weed.jpg', 'goose.jpg', 'morse code.jpg']","{'road.jpg', 'goose.jpg'}","{'road.jpg', 'air force.jpg'}",0.3333333333333333,"{'ages': 51, 'gender': 'male', 'education': 'Master', 'speaker': 'Native'}"
169,3P529IW9KZ7M7NF0UGFQ1AB1WZKLFL,A2V3P1XE33NYC3,3IQ9O0AYW6LSE7R1EVI01E2IOS2TIV,Submitted,2022-05-06 02:21:30+03:00,24,"['mirror.jpg', 'snot.jpg', 'pond.jpg', 'vitamin.jpg', 'eating.jpg', 'water.jpg']","{'pond.jpg', 'water.jpg', 'mirror.jpg'}","{'pond.jpg', 'water.jpg', 'mirror.jpg'}",1.0,"{'ages': 51, 'gender': 'male', 'education': 'Master', 'speaker': 'Native'}"
170,3U4J9857OFXXFLEILKSKZF2FMHO7BH,A302KOFOYLD89A,3PGQRAZX026DP7TRTDZDDX0KCSMYSH,Submitted,2022-05-06 02:33:48+03:00,16,"['stewardess.jpg', 'van.jpg', 'snake.jpg', 'limp.jpg', 'cat.jpg']","{'snake.jpg', 'cat.jpg'}","{'snake.jpg', 'cat.jpg'}",1.0,"{'ages': 44, 'gender': 'female', 'education': 'HighSchool', 'speaker': 'Native'}"
171,3U4J9857OFXXFLEILKSKZF2FMHO7BH,A302KOFOYLD89A,3PGQRAZX026DP7TRTDZDDX0KCSMYSH,Submitted,2022-05-06 02:33:48+03:00,11,"['cobra.jpg', 'ruler.jpg', 'penguin.jpg', 'notebook.jpg', 'king.jpg']","{'penguin.jpg', 'king.jpg', 'ruler.jpg'}","{'penguin.jpg', 'cobra.jpg', 'ruler.jpg'}",0.5,"{'ages': 44, 'gender': 'female', 'education': 'HighSchool', 'speaker': 'Native'}"
172,3U4J9857OFXXFLEILKSKZF2FMHO7BH,A302KOFOYLD89A,3PGQRAZX026DP7TRTDZDDX0KCSMYSH,Submitted,2022-05-06 02:33:48+03:00,18,"['crane.jpg', 'microscope.jpg', 'van.jpg', 'woods.jpg', 'bush.jpg']","{'bush.jpg', 'woods.jpg'}","{'bush.jpg', 'woods.jpg'}",1.0,"{'ages': 44, 'gender': 'female', 'education': 'HighSchool', 'speaker': 'Native'}"
173,3U4J9857OFXXFLEILKSKZF2FMHO7BH,A302KOFOYLD89A,3PGQRAZX026DP7TRTDZDDX0KCSMYSH,Submitted,2022-05-06 02:33:48+03:00,8,"['food.jpg', 'groundhog.jpg', 'drool.jpg', 'pie.jpg', 'cheese.jpg']","{'pie.jpg', 'food.jpg', 'cheese.jpg'}","{'pie.jpg', 'food.jpg', 'cheese.jpg'}",1.0,"{'ages': 44, 'gender': 'female', 'education': 'HighSchool', 'speaker': 'Native'}"
174,3U4J9857OFXXFLEILKSKZF2FMHO7BH,A302KOFOYLD89A,3PGQRAZX026DP7TRTDZDDX0KCSMYSH,Submitted,2022-05-06 02:33:48+03:00,1,"['salt.jpg', 'bread.jpg', 'landlord.jpg', 'witch.jpg', 'snack.jpg']","{'bread.jpg', 'salt.jpg', 'snack.jpg'}","{'bread.jpg', 'salt.jpg', 'snack.jpg'}",1.0,"{'ages': 44, 'gender': 'female', 'education': 'HighSchool', 'speaker': 'Native'}"
175,3U4J9857OFXXFLEILKSKZF2FMHO7BH,A302KOFOYLD89A,3PGQRAZX026DP7TRTDZDDX0KCSMYSH,Submitted,2022-05-06 02:33:48+03:00,24,"['mirror.jpg', 'snot.jpg', 'pond.jpg', 'vitamin.jpg', 'eating.jpg', 'water.jpg']","{'pond.jpg', 'water.jpg', 'mirror.jpg'}","{'snot.jpg', 'pond.jpg', 'mirror.jpg'}",0.5,"{'ages': 44, 'gender': 'female', 'education': 'HighSchool', 'speaker': 'Native'}"
176,3U4J9857OFXXFLEILKSKZF2FMHO7BH,A302KOFOYLD89A,3PGQRAZX026DP7TRTDZDDX0KCSMYSH,Submitted,2022-05-06 02:33:48+03:00,25,"['pat.jpg', 'arc.jpg', 'horn.jpg', 'newt.jpg', 'fire.jpg', 'lizard.jpg']","{'newt.jpg', 'fire.jpg', 'lizard.jpg'}","{'newt.jpg', 'fire.jpg', 'lizard.jpg'}",1.0,"{'ages': 44, 'gender': 'female', 'education': 'HighSchool', 'speaker': 'Native'}"
177,3U4J9857OFXXFLEILKSKZF2FMHO7BH,A302KOFOYLD89A,3PGQRAZX026DP7TRTDZDDX0KCSMYSH,Submitted,2022-05-06 02:33:48+03:00,30,"['insect.jpg', 'clock.jpg', 'woodwind.jpg', 'bug.jpg', 'jacket.jpg', 'wrench.jpg']","{'bug.jpg', 'clock.jpg', 'insect.jpg'}","{'bug.jpg', 'clock.jpg', 'insect.jpg'}",1.0,"{'ages': 44, 'gender': 'female', 'education': 'HighSchool', 'speaker': 'Native'}"
178,3U4J9857OFXXFLEILKSKZF2FMHO7BH,A302KOFOYLD89A,3PGQRAZX026DP7TRTDZDDX0KCSMYSH,Submitted,2022-05-06 02:33:48+03:00,37,"['crowd.jpg', 'teddy.jpg', 'skin.jpg', 'diamond.jpg', 'tin.jpg', 'crust.jpg']","{'skin.jpg', 'diamond.jpg'}","{'skin.jpg', 'diamond.jpg'}",1.0,"{'ages': 44, 'gender': 'female', 'education': 'HighSchool', 'speaker': 'Native'}"
179,3U4J9857OFXXFLEILKSKZF2FMHO7BH,A302KOFOYLD89A,3PGQRAZX026DP7TRTDZDDX0KCSMYSH,Submitted,2022-05-06 02:33:48+03:00,39,"['road.jpg', 'homework.jpg', 'air force.jpg', 'weed.jpg', 'goose.jpg', 'morse code.jpg']","{'road.jpg', 'goose.jpg'}","{'road.jpg', 'morse code.jpg'}",0.3333333333333333,"{'ages': 44, 'gender': 'female', 'education': 'HighSchool', 'speaker': 'Native'}"
180,31LM9EDVOMES0P4HPJMQT07IU1FJN2,ABO9F0JD9NN54,3J9L0X0VDF8RVN2S56HYB5AE9WXW95,Submitted,2022-05-06 04:39:17+03:00,16,"['stewardess.jpg', 'van.jpg', 'snake.jpg', 'limp.jpg', 'cat.jpg']","{'snake.jpg', 'cat.jpg'}","{'snake.jpg', 'cat.jpg'}",1.0,"{'ages': 35, 'gender': 'female', 'education': 'Bachelor', 'speaker': 'Native'}"
181,31LM9EDVOMES0P4HPJMQT07IU1FJN2,ABO9F0JD9NN54,3J9L0X0VDF8RVN2S56HYB5AE9WXW95,Submitted,2022-05-06 04:39:17+03:00,11,"['cobra.jpg', 'ruler.jpg', 'penguin.jpg', 'notebook.jpg', 'king.jpg']","{'penguin.jpg', 'king.jpg', 'ruler.jpg'}","{'penguin.jpg', 'cobra.jpg', 'ruler.jpg'}",0.5,"{'ages': 35, 'gender': 'female', 'education': 'Bachelor', 'speaker': 'Native'}"
182,31LM9EDVOMES0P4HPJMQT07IU1FJN2,ABO9F0JD9NN54,3J9L0X0VDF8RVN2S56HYB5AE9WXW95,Submitted,2022-05-06 04:39:17+03:00,18,"['crane.jpg', 'microscope.jpg', 'van.jpg', 'woods.jpg', 'bush.jpg']","{'bush.jpg', 'woods.jpg'}","{'bush.jpg', 'woods.jpg'}",1.0,"{'ages': 35, 'gender': 'female', 'education': 'Bachelor', 'speaker': 'Native'}"
183,31LM9EDVOMES0P4HPJMQT07IU1FJN2,ABO9F0JD9NN54,3J9L0X0VDF8RVN2S56HYB5AE9WXW95,Submitted,2022-05-06 04:39:17+03:00,8,"['food.jpg', 'groundhog.jpg', 'drool.jpg', 'pie.jpg', 'cheese.jpg']","{'pie.jpg', 'food.jpg', 'cheese.jpg'}","{'pie.jpg', 'food.jpg', 'cheese.jpg'}",1.0,"{'ages': 35, 'gender': 'female', 'education': 'Bachelor', 'speaker': 'Native'}"
184,31LM9EDVOMES0P4HPJMQT07IU1FJN2,ABO9F0JD9NN54,3J9L0X0VDF8RVN2S56HYB5AE9WXW95,Submitted,2022-05-06 04:39:17+03:00,1,"['salt.jpg', 'bread.jpg', 'landlord.jpg', 'witch.jpg', 'snack.jpg']","{'bread.jpg', 'salt.jpg', 'snack.jpg'}","{'bread.jpg', 'salt.jpg', 'snack.jpg'}",1.0,"{'ages': 35, 'gender': 'female', 'education': 'Bachelor', 'speaker': 'Native'}"
185,31LM9EDVOMES0P4HPJMQT07IU1FJN2,ABO9F0JD9NN54,3J9L0X0VDF8RVN2S56HYB5AE9WXW95,Submitted,2022-05-06 04:39:17+03:00,24,"['mirror.jpg', 'snot.jpg', 'pond.jpg', 'vitamin.jpg', 'eating.jpg', 'water.jpg']","{'pond.jpg', 'water.jpg', 'mirror.jpg'}","{'snot.jpg', 'pond.jpg', 'mirror.jpg'}",0.5,"{'ages': 35, 'gender': 'female', 'education': 'Bachelor', 'speaker': 'Native'}"
186,31LM9EDVOMES0P4HPJMQT07IU1FJN2,ABO9F0JD9NN54,3J9L0X0VDF8RVN2S56HYB5AE9WXW95,Submitted,2022-05-06 04:39:17+03:00,25,"['pat.jpg', 'arc.jpg', 'horn.jpg', 'newt.jpg', 'fire.jpg', 'lizard.jpg']","{'newt.jpg', 'fire.jpg', 'lizard.jpg'}","{'newt.jpg', 'fire.jpg', 'lizard.jpg'}",1.0,"{'ages': 35, 'gender': 'female', 'education': 'Bachelor', 'speaker': 'Native'}"
187,31LM9EDVOMES0P4HPJMQT07IU1FJN2,ABO9F0JD9NN54,3J9L0X0VDF8RVN2S56HYB5AE9WXW95,Submitted,2022-05-06 04:39:17+03:00,30,"['insect.jpg', 'clock.jpg', 'woodwind.jpg', 'bug.jpg', 'jacket.jpg', 'wrench.jpg']","{'bug.jpg', 'clock.jpg', 'insect.jpg'}","{'bug.jpg', 'clock.jpg', 'insect.jpg'}",1.0,"{'ages': 35, 'gender': 'female', 'education': 'Bachelor', 'speaker': 'Native'}"
188,31LM9EDVOMES0P4HPJMQT07IU1FJN2,ABO9F0JD9NN54,3J9L0X0VDF8RVN2S56HYB5AE9WXW95,Submitted,2022-05-06 04:39:17+03:00,37,"['crowd.jpg', 'teddy.jpg', 'skin.jpg', 'diamond.jpg', 'tin.jpg', 'crust.jpg']","{'skin.jpg', 'diamond.jpg'}","{'skin.jpg', 'diamond.jpg'}",1.0,"{'ages': 35, 'gender': 'female', 'education': 'Bachelor', 'speaker': 'Native'}"
189,31LM9EDVOMES0P4HPJMQT07IU1FJN2,ABO9F0JD9NN54,3J9L0X0VDF8RVN2S56HYB5AE9WXW95,Submitted,2022-05-06 04:39:17+03:00,39,"['road.jpg', 'homework.jpg', 'air force.jpg', 'weed.jpg', 'goose.jpg', 'morse code.jpg']","{'road.jpg', 'goose.jpg'}","{'road.jpg', 'morse code.jpg'}",0.3333333333333333,"{'ages': 35, 'gender': 'female', 'education': 'Bachelor', 'speaker': 'Native'}"
190,31QTRG6Q2UZIYZBTRY0L7CR17L4YPO,A1KTV1DO4K443L,3D0LPO3EABLYRF1YMWI4TSQJF3JOYA,Submitted,2022-05-06 09:31:51+03:00,16,"['stewardess.jpg', 'van.jpg', 'snake.jpg', 'limp.jpg', 'cat.jpg']","{'snake.jpg', 'cat.jpg'}","{'snake.jpg', 'cat.jpg'}",1.0,"{'ages': 51, 'gender': 'female', 'education': 'Bachelor', 'speaker': 'Native'}"
191,31QTRG6Q2UZIYZBTRY0L7CR17L4YPO,A1KTV1DO4K443L,3D0LPO3EABLYRF1YMWI4TSQJF3JOYA,Submitted,2022-05-06 09:31:51+03:00,11,"['cobra.jpg', 'ruler.jpg', 'penguin.jpg', 'notebook.jpg', 'king.jpg']","{'penguin.jpg', 'king.jpg', 'ruler.jpg'}","{'penguin.jpg', 'notebook.jpg', 'ruler.jpg'}",0.5,"{'ages': 51, 'gender': 'female', 'education': 'Bachelor', 'speaker': 'Native'}"
192,31QTRG6Q2UZIYZBTRY0L7CR17L4YPO,A1KTV1DO4K443L,3D0LPO3EABLYRF1YMWI4TSQJF3JOYA,Submitted,2022-05-06 09:31:51+03:00,18,"['crane.jpg', 'microscope.jpg', 'van.jpg', 'woods.jpg', 'bush.jpg']","{'bush.jpg', 'woods.jpg'}","{'bush.jpg', 'woods.jpg'}",1.0,"{'ages': 51, 'gender': 'female', 'education': 'Bachelor', 'speaker': 'Native'}"
193,31QTRG6Q2UZIYZBTRY0L7CR17L4YPO,A1KTV1DO4K443L,3D0LPO3EABLYRF1YMWI4TSQJF3JOYA,Submitted,2022-05-06 09:31:51+03:00,8,"['food.jpg', 'groundhog.jpg', 'drool.jpg', 'pie.jpg', 'cheese.jpg']","{'pie.jpg', 'food.jpg', 'cheese.jpg'}","{'pie.jpg', 'food.jpg', 'cheese.jpg'}",1.0,"{'ages': 51, 'gender': 'female', 'education': 'Bachelor', 'speaker': 'Native'}"
194,31QTRG6Q2UZIYZBTRY0L7CR17L4YPO,A1KTV1DO4K443L,3D0LPO3EABLYRF1YMWI4TSQJF3JOYA,Submitted,2022-05-06 09:31:51+03:00,1,"['salt.jpg', 'bread.jpg', 'landlord.jpg', 'witch.jpg', 'snack.jpg']","{'bread.jpg', 'salt.jpg', 'snack.jpg'}","{'bread.jpg', 'salt.jpg', 'snack.jpg'}",1.0,"{'ages': 51, 'gender': 'female', 'education': 'Bachelor', 'speaker': 'Native'}"
195,31QTRG6Q2UZIYZBTRY0L7CR17L4YPO,A1KTV1DO4K443L,3D0LPO3EABLYRF1YMWI4TSQJF3JOYA,Submitted,2022-05-06 09:31:51+03:00,24,"['mirror.jpg', 'snot.jpg', 'pond.jpg', 'vitamin.jpg', 'eating.jpg', 'water.jpg']","{'pond.jpg', 'water.jpg', 'mirror.jpg'}","{'pond.jpg', 'water.jpg', 'mirror.jpg'}",1.0,"{'ages': 51, 'gender': 'female', 'education': 'Bachelor', 'speaker': 'Native'}"
196,31QTRG6Q2UZIYZBTRY0L7CR17L4YPO,A1KTV1DO4K443L,3D0LPO3EABLYRF1YMWI4TSQJF3JOYA,Submitted,2022-05-06 09:31:51+03:00,25,"['pat.jpg', 'arc.jpg', 'horn.jpg', 'newt.jpg', 'fire.jpg', 'lizard.jpg']","{'newt.jpg', 'fire.jpg', 'lizard.jpg'}","{'newt.jpg', 'lizard.jpg', 'arc.jpg'}",0.5,"{'ages': 51, 'gender': 'female', 'education': 'Bachelor', 'speaker': 'Native'}"
197,31QTRG6Q2UZIYZBTRY0L7CR17L4YPO,A1KTV1DO4K443L,3D0LPO3EABLYRF1YMWI4TSQJF3JOYA,Submitted,2022-05-06 09:31:51+03:00,30,"['insect.jpg', 'clock.jpg', 'woodwind.jpg', 'bug.jpg', 'jacket.jpg', 'wrench.jpg']","{'bug.jpg', 'clock.jpg', 'insect.jpg'}","{'wrench.jpg', 'bug.jpg', 'clock.jpg'}",0.5,"{'ages': 51, 'gender': 'female', 'education': 'Bachelor', 'speaker': 'Native'}"
198,31QTRG6Q2UZIYZBTRY0L7CR17L4YPO,A1KTV1DO4K443L,3D0LPO3EABLYRF1YMWI4TSQJF3JOYA,Submitted,2022-05-06 09:31:51+03:00,37,"['crowd.jpg', 'teddy.jpg', 'skin.jpg', 'diamond.jpg', 'tin.jpg', 'crust.jpg']","{'skin.jpg', 'diamond.jpg'}","{'diamond.jpg', 'crowd.jpg'}",0.3333333333333333,"{'ages': 51, 'gender': 'female', 'education': 'Bachelor', 'speaker': 'Native'}"
199,31QTRG6Q2UZIYZBTRY0L7CR17L4YPO,A1KTV1DO4K443L,3D0LPO3EABLYRF1YMWI4TSQJF3JOYA,Submitted,2022-05-06 09:31:51+03:00,39,"['road.jpg', 'homework.jpg', 'air force.jpg', 'weed.jpg', 'goose.jpg', 'morse code.jpg']","{'road.jpg', 'goose.jpg'}","{'road.jpg', 'morse code.jpg'}",0.3333333333333333,"{'ages': 51, 'gender': 'female', 'education': 'Bachelor', 'speaker': 'Native'}"
200,37M28K1J0RZLG6ASGFHL7UNIVU2AJV,AJ4T7PTRYNSUW,3BKZLF990ZL1CREE19A8IXLJU41YQS,Submitted,2022-05-06 02:19:00+03:00,16,"['stewardess.jpg', 'van.jpg', 'snake.jpg', 'limp.jpg', 'cat.jpg']","{'snake.jpg', 'cat.jpg'}","{'snake.jpg', 'cat.jpg'}",1.0,"{'ages': 30, 'gender': 'male', 'education': 'HighSchool', 'speaker': 'Native'}"
201,37M28K1J0RZLG6ASGFHL7UNIVU2AJV,AJ4T7PTRYNSUW,3BKZLF990ZL1CREE19A8IXLJU41YQS,Submitted,2022-05-06 02:19:00+03:00,11,"['cobra.jpg', 'ruler.jpg', 'penguin.jpg', 'notebook.jpg', 'king.jpg']","{'penguin.jpg', 'king.jpg', 'ruler.jpg'}","{'penguin.jpg', 'cobra.jpg', 'king.jpg'}",0.5,"{'ages': 30, 'gender': 'male', 'education': 'HighSchool', 'speaker': 'Native'}"
202,37M28K1J0RZLG6ASGFHL7UNIVU2AJV,AJ4T7PTRYNSUW,3BKZLF990ZL1CREE19A8IXLJU41YQS,Submitted,2022-05-06 02:19:00+03:00,18,"['crane.jpg', 'microscope.jpg', 'van.jpg', 'woods.jpg', 'bush.jpg']","{'bush.jpg', 'woods.jpg'}","{'crane.jpg', 'woods.jpg'}",0.3333333333333333,"{'ages': 30, 'gender': 'male', 'education': 'HighSchool', 'speaker': 'Native'}"
203,37M28K1J0RZLG6ASGFHL7UNIVU2AJV,AJ4T7PTRYNSUW,3BKZLF990ZL1CREE19A8IXLJU41YQS,Submitted,2022-05-06 02:19:00+03:00,8,"['food.jpg', 'groundhog.jpg', 'drool.jpg', 'pie.jpg', 'cheese.jpg']","{'pie.jpg', 'food.jpg', 'cheese.jpg'}","{'pie.jpg', 'food.jpg', 'cheese.jpg'}",1.0,"{'ages': 30, 'gender': 'male', 'education': 'HighSchool', 'speaker': 'Native'}"
204,37M28K1J0RZLG6ASGFHL7UNIVU2AJV,AJ4T7PTRYNSUW,3BKZLF990ZL1CREE19A8IXLJU41YQS,Submitted,2022-05-06 02:19:00+03:00,1,"['salt.jpg', 'bread.jpg', 'landlord.jpg', 'witch.jpg', 'snack.jpg']","{'bread.jpg', 'salt.jpg', 'snack.jpg'}","{'bread.jpg', 'salt.jpg', 'snack.jpg'}",1.0,"{'ages': 30, 'gender': 'male', 'education': 'HighSchool', 'speaker': 'Native'}"
205,37M28K1J0RZLG6ASGFHL7UNIVU2AJV,AJ4T7PTRYNSUW,3BKZLF990ZL1CREE19A8IXLJU41YQS,Submitted,2022-05-06 02:19:00+03:00,24,"['mirror.jpg', 'snot.jpg', 'pond.jpg', 'vitamin.jpg', 'eating.jpg', 'water.jpg']","{'pond.jpg', 'water.jpg', 'mirror.jpg'}","{'snot.jpg', 'water.jpg', 'mirror.jpg'}",0.5,"{'ages': 30, 'gender': 'male', 'education': 'HighSchool', 'speaker': 'Native'}"
206,37M28K1J0RZLG6ASGFHL7UNIVU2AJV,AJ4T7PTRYNSUW,3BKZLF990ZL1CREE19A8IXLJU41YQS,Submitted,2022-05-06 02:19:00+03:00,25,"['pat.jpg', 'arc.jpg', 'horn.jpg', 'newt.jpg', 'fire.jpg', 'lizard.jpg']","{'newt.jpg', 'fire.jpg', 'lizard.jpg'}","{'newt.jpg', 'fire.jpg', 'lizard.jpg'}",1.0,"{'ages': 30, 'gender': 'male', 'education': 'HighSchool', 'speaker': 'Native'}"
207,37M28K1J0RZLG6ASGFHL7UNIVU2AJV,AJ4T7PTRYNSUW,3BKZLF990ZL1CREE19A8IXLJU41YQS,Submitted,2022-05-06 02:19:00+03:00,30,"['insect.jpg', 'clock.jpg', 'woodwind.jpg', 'bug.jpg', 'jacket.jpg', 'wrench.jpg']","{'bug.jpg', 'clock.jpg', 'insect.jpg'}","{'bug.jpg', 'clock.jpg', 'insect.jpg'}",1.0,"{'ages': 30, 'gender': 'male', 'education': 'HighSchool', 'speaker': 'Native'}"
208,37M28K1J0RZLG6ASGFHL7UNIVU2AJV,AJ4T7PTRYNSUW,3BKZLF990ZL1CREE19A8IXLJU41YQS,Submitted,2022-05-06 02:19:00+03:00,37,"['crowd.jpg', 'teddy.jpg', 'skin.jpg', 'diamond.jpg', 'tin.jpg', 'crust.jpg']","{'skin.jpg', 'diamond.jpg'}","{'crust.jpg', 'diamond.jpg'}",0.3333333333333333,"{'ages': 30, 'gender': 'male', 'education': 'HighSchool', 'speaker': 'Native'}"
209,37M28K1J0RZLG6ASGFHL7UNIVU2AJV,AJ4T7PTRYNSUW,3BKZLF990ZL1CREE19A8IXLJU41YQS,Submitted,2022-05-06 02:19:00+03:00,39,"['road.jpg', 'homework.jpg', 'air force.jpg', 'weed.jpg', 'goose.jpg', 'morse code.jpg']","{'road.jpg', 'goose.jpg'}","{'road.jpg', 'morse code.jpg'}",0.3333333333333333,"{'ages': 30, 'gender': 'male', 'education': 'HighSchool', 'speaker': 'Native'}"
210,3OE22WJIGJAMH2S3HAIL4WBYGSMQUE,A382S0KJMW3K9S,3X2LT8FDHW4RHIJI0EBKB9F3PQFW8G,Submitted,2022-05-06 02:28:29+03:00,16,"['stewardess.jpg', 'van.jpg', 'snake.jpg', 'limp.jpg', 'cat.jpg']","{'snake.jpg', 'cat.jpg'}","{'snake.jpg', 'cat.jpg'}",1.0,"{'ages': 39, 'gender': 'male', 'education': 'Bachelor', 'speaker': 'Native'}"
211,3OE22WJIGJAMH2S3HAIL4WBYGSMQUE,A382S0KJMW3K9S,3X2LT8FDHW4RHIJI0EBKB9F3PQFW8G,Submitted,2022-05-06 02:28:29+03:00,11,"['cobra.jpg', 'ruler.jpg', 'penguin.jpg', 'notebook.jpg', 'king.jpg']","{'penguin.jpg', 'king.jpg', 'ruler.jpg'}","{'penguin.jpg', 'cobra.jpg', 'king.jpg'}",0.5,"{'ages': 39, 'gender': 'male', 'education': 'Bachelor', 'speaker': 'Native'}"
212,3OE22WJIGJAMH2S3HAIL4WBYGSMQUE,A382S0KJMW3K9S,3X2LT8FDHW4RHIJI0EBKB9F3PQFW8G,Submitted,2022-05-06 02:28:29+03:00,18,"['crane.jpg', 'microscope.jpg', 'van.jpg', 'woods.jpg', 'bush.jpg']","{'bush.jpg', 'woods.jpg'}","{'crane.jpg', 'woods.jpg'}",0.3333333333333333,"{'ages': 39, 'gender': 'male', 'education': 'Bachelor', 'speaker': 'Native'}"
213,3OE22WJIGJAMH2S3HAIL4WBYGSMQUE,A382S0KJMW3K9S,3X2LT8FDHW4RHIJI0EBKB9F3PQFW8G,Submitted,2022-05-06 02:28:29+03:00,8,"['food.jpg', 'groundhog.jpg', 'drool.jpg', 'pie.jpg', 'cheese.jpg']","{'pie.jpg', 'food.jpg', 'cheese.jpg'}","{'pie.jpg', 'food.jpg', 'cheese.jpg'}",1.0,"{'ages': 39, 'gender': 'male', 'education': 'Bachelor', 'speaker': 'Native'}"
214,3OE22WJIGJAMH2S3HAIL4WBYGSMQUE,A382S0KJMW3K9S,3X2LT8FDHW4RHIJI0EBKB9F3PQFW8G,Submitted,2022-05-06 02:28:29+03:00,1,"['salt.jpg', 'bread.jpg', 'landlord.jpg', 'witch.jpg', 'snack.jpg']","{'bread.jpg', 'salt.jpg', 'snack.jpg'}","{'bread.jpg', 'salt.jpg', 'snack.jpg'}",1.0,"{'ages': 39, 'gender': 'male', 'education': 'Bachelor', 'speaker': 'Native'}"
215,3OE22WJIGJAMH2S3HAIL4WBYGSMQUE,A382S0KJMW3K9S,3X2LT8FDHW4RHIJI0EBKB9F3PQFW8G,Submitted,2022-05-06 02:28:29+03:00,24,"['mirror.jpg', 'snot.jpg', 'pond.jpg', 'vitamin.jpg', 'eating.jpg', 'water.jpg']","{'pond.jpg', 'water.jpg', 'mirror.jpg'}","{'pond.jpg', 'water.jpg', 'mirror.jpg'}",1.0,"{'ages': 39, 'gender': 'male', 'education': 'Bachelor', 'speaker': 'Native'}"
216,3OE22WJIGJAMH2S3HAIL4WBYGSMQUE,A382S0KJMW3K9S,3X2LT8FDHW4RHIJI0EBKB9F3PQFW8G,Submitted,2022-05-06 02:28:29+03:00,25,"['pat.jpg', 'arc.jpg', 'horn.jpg', 'newt.jpg', 'fire.jpg', 'lizard.jpg']","{'newt.jpg', 'fire.jpg', 'lizard.jpg'}","{'newt.jpg', 'fire.jpg', 'lizard.jpg'}",1.0,"{'ages': 39, 'gender': 'male', 'education': 'Bachelor', 'speaker': 'Native'}"
217,3OE22WJIGJAMH2S3HAIL4WBYGSMQUE,A382S0KJMW3K9S,3X2LT8FDHW4RHIJI0EBKB9F3PQFW8G,Submitted,2022-05-06 02:28:29+03:00,30,"['insect.jpg', 'clock.jpg', 'woodwind.jpg', 'bug.jpg', 'jacket.jpg', 'wrench.jpg']","{'bug.jpg', 'clock.jpg', 'insect.jpg'}","{'bug.jpg', 'clock.jpg', 'insect.jpg'}",1.0,"{'ages': 39, 'gender': 'male', 'education': 'Bachelor', 'speaker': 'Native'}"
218,3OE22WJIGJAMH2S3HAIL4WBYGSMQUE,A382S0KJMW3K9S,3X2LT8FDHW4RHIJI0EBKB9F3PQFW8G,Submitted,2022-05-06 02:28:29+03:00,37,"['crowd.jpg', 'teddy.jpg', 'skin.jpg', 'diamond.jpg', 'tin.jpg', 'crust.jpg']","{'skin.jpg', 'diamond.jpg'}","{'skin.jpg', 'diamond.jpg'}",1.0,"{'ages': 39, 'gender': 'male', 'education': 'Bachelor', 'speaker': 'Native'}"
219,3OE22WJIGJAMH2S3HAIL4WBYGSMQUE,A382S0KJMW3K9S,3X2LT8FDHW4RHIJI0EBKB9F3PQFW8G,Submitted,2022-05-06 02:28:29+03:00,39,"['road.jpg', 'homework.jpg', 'air force.jpg', 'weed.jpg', 'goose.jpg', 'morse code.jpg']","{'road.jpg', 'goose.jpg'}","{'road.jpg', 'morse code.jpg'}",0.3333333333333333,"{'ages': 39, 'gender': 'male', 'education': 'Bachelor', 'speaker': 'Native'}"
220,3HVVDCPGTFEGQR408F95CMSYWUYTY9,A3F5YHQWKPC5MX,3E6L1VR4XW822IEZHA4MN7XCOSZF6F,Submitted,2022-05-07 16:54:23+03:00,16,"['stewardess.jpg', 'van.jpg', 'snake.jpg', 'limp.jpg', 'cat.jpg']","{'snake.jpg', 'cat.jpg'}","{'snake.jpg', 'cat.jpg'}",1.0,"{'ages': 36, 'gender': 'female', 'education': 'Bachelor', 'speaker': 'Native'}"
221,3HVVDCPGTFEGQR408F95CMSYWUYTY9,A3F5YHQWKPC5MX,3E6L1VR4XW822IEZHA4MN7XCOSZF6F,Submitted,2022-05-07 16:54:23+03:00,11,"['cobra.jpg', 'ruler.jpg', 'penguin.jpg', 'notebook.jpg', 'king.jpg']","{'penguin.jpg', 'king.jpg', 'ruler.jpg'}","{'penguin.jpg', 'cobra.jpg', 'ruler.jpg'}",0.5,"{'ages': 36, 'gender': 'female', 'education': 'Bachelor', 'speaker': 'Native'}"
222,3HVVDCPGTFEGQR408F95CMSYWUYTY9,A3F5YHQWKPC5MX,3E6L1VR4XW822IEZHA4MN7XCOSZF6F,Submitted,2022-05-07 16:54:23+03:00,18,"['crane.jpg', 'microscope.jpg', 'van.jpg', 'woods.jpg', 'bush.jpg']","{'bush.jpg', 'woods.jpg'}","{'crane.jpg', 'woods.jpg'}",0.3333333333333333,"{'ages': 36, 'gender': 'female', 'education': 'Bachelor', 'speaker': 'Native'}"
223,3HVVDCPGTFEGQR408F95CMSYWUYTY9,A3F5YHQWKPC5MX,3E6L1VR4XW822IEZHA4MN7XCOSZF6F,Submitted,2022-05-07 16:54:23+03:00,8,"['food.jpg', 'groundhog.jpg', 'drool.jpg', 'pie.jpg', 'cheese.jpg']","{'pie.jpg', 'food.jpg', 'cheese.jpg'}","{'pie.jpg', 'food.jpg', 'cheese.jpg'}",1.0,"{'ages': 36, 'gender': 'female', 'education': 'Bachelor', 'speaker': 'Native'}"
224,3HVVDCPGTFEGQR408F95CMSYWUYTY9,A3F5YHQWKPC5MX,3E6L1VR4XW822IEZHA4MN7XCOSZF6F,Submitted,2022-05-07 16:54:23+03:00,1,"['salt.jpg', 'bread.jpg', 'landlord.jpg', 'witch.jpg', 'snack.jpg']","{'bread.jpg', 'salt.jpg', 'snack.jpg'}","{'bread.jpg', 'salt.jpg', 'snack.jpg'}",1.0,"{'ages': 36, 'gender': 'female', 'education': 'Bachelor', 'speaker': 'Native'}"
225,3HVVDCPGTFEGQR408F95CMSYWUYTY9,A3F5YHQWKPC5MX,3E6L1VR4XW822IEZHA4MN7XCOSZF6F,Submitted,2022-05-07 16:54:23+03:00,24,"['mirror.jpg', 'snot.jpg', 'pond.jpg', 'vitamin.jpg', 'eating.jpg', 'water.jpg']","{'pond.jpg', 'water.jpg', 'mirror.jpg'}","{'snot.jpg', 'water.jpg', 'mirror.jpg'}",0.5,"{'ages': 36, 'gender': 'female', 'education': 'Bachelor', 'speaker': 'Native'}"
226,3HVVDCPGTFEGQR408F95CMSYWUYTY9,A3F5YHQWKPC5MX,3E6L1VR4XW822IEZHA4MN7XCOSZF6F,Submitted,2022-05-07 16:54:23+03:00,25,"['pat.jpg', 'arc.jpg', 'horn.jpg', 'newt.jpg', 'fire.jpg', 'lizard.jpg']","{'newt.jpg', 'fire.jpg', 'lizard.jpg'}","{'newt.jpg', 'pat.jpg', 'lizard.jpg'}",0.5,"{'ages': 36, 'gender': 'female', 'education': 'Bachelor', 'speaker': 'Native'}"
227,3HVVDCPGTFEGQR408F95CMSYWUYTY9,A3F5YHQWKPC5MX,3E6L1VR4XW822IEZHA4MN7XCOSZF6F,Submitted,2022-05-07 16:54:23+03:00,30,"['insect.jpg', 'clock.jpg', 'woodwind.jpg', 'bug.jpg', 'jacket.jpg', 'wrench.jpg']","{'bug.jpg', 'clock.jpg', 'insect.jpg'}","{'bug.jpg', 'clock.jpg', 'insect.jpg'}",1.0,"{'ages': 36, 'gender': 'female', 'education': 'Bachelor', 'speaker': 'Native'}"
228,3HVVDCPGTFEGQR408F95CMSYWUYTY9,A3F5YHQWKPC5MX,3E6L1VR4XW822IEZHA4MN7XCOSZF6F,Submitted,2022-05-07 16:54:23+03:00,37,"['crowd.jpg', 'teddy.jpg', 'skin.jpg', 'diamond.jpg', 'tin.jpg', 'crust.jpg']","{'skin.jpg', 'diamond.jpg'}","{'crust.jpg', 'diamond.jpg'}",0.3333333333333333,"{'ages': 36, 'gender': 'female', 'education': 'Bachelor', 'speaker': 'Native'}"
229,3HVVDCPGTFEGQR408F95CMSYWUYTY9,A3F5YHQWKPC5MX,3E6L1VR4XW822IEZHA4MN7XCOSZF6F,Submitted,2022-05-07 16:54:23+03:00,39,"['road.jpg', 'homework.jpg', 'air force.jpg', 'weed.jpg', 'goose.jpg', 'morse code.jpg']","{'road.jpg', 'goose.jpg'}","{'road.jpg', 'morse code.jpg'}",0.3333333333333333,"{'ages': 36, 'gender': 'female', 'education': 'Bachelor', 'speaker': 'Native'}"
230,3JMSRU9HQJGXXERYD9XQ61O3BW7EVF,A2N9U74YIPDQ9F,3CESM1J3EIP4D40U7ZEMRVJCJVPW6U,Submitted,2022-05-06 02:29:16+03:00,16,"['stewardess.jpg', 'van.jpg', 'snake.jpg', 'limp.jpg', 'cat.jpg']","{'snake.jpg', 'cat.jpg'}","{'snake.jpg', 'cat.jpg'}",1.0,"{'ages': 55, 'gender': 'female', 'education': 'Bachelor', 'speaker': 'Native'}"
231,3JMSRU9HQJGXXERYD9XQ61O3BW7EVF,A2N9U74YIPDQ9F,3CESM1J3EIP4D40U7ZEMRVJCJVPW6U,Submitted,2022-05-06 02:29:16+03:00,11,"['cobra.jpg', 'ruler.jpg', 'penguin.jpg', 'notebook.jpg', 'king.jpg']","{'penguin.jpg', 'king.jpg', 'ruler.jpg'}","{'penguin.jpg', 'cobra.jpg', 'king.jpg'}",0.5,"{'ages': 55, 'gender': 'female', 'education': 'Bachelor', 'speaker': 'Native'}"
232,3JMSRU9HQJGXXERYD9XQ61O3BW7EVF,A2N9U74YIPDQ9F,3CESM1J3EIP4D40U7ZEMRVJCJVPW6U,Submitted,2022-05-06 02:29:16+03:00,18,"['crane.jpg', 'microscope.jpg', 'van.jpg', 'woods.jpg', 'bush.jpg']","{'bush.jpg', 'woods.jpg'}","{'crane.jpg', 'woods.jpg'}",0.3333333333333333,"{'ages': 55, 'gender': 'female', 'education': 'Bachelor', 'speaker': 'Native'}"
233,3JMSRU9HQJGXXERYD9XQ61O3BW7EVF,A2N9U74YIPDQ9F,3CESM1J3EIP4D40U7ZEMRVJCJVPW6U,Submitted,2022-05-06 02:29:16+03:00,8,"['food.jpg', 'groundhog.jpg', 'drool.jpg', 'pie.jpg', 'cheese.jpg']","{'pie.jpg', 'food.jpg', 'cheese.jpg'}","{'pie.jpg', 'food.jpg', 'cheese.jpg'}",1.0,"{'ages': 55, 'gender': 'female', 'education': 'Bachelor', 'speaker': 'Native'}"
234,3JMSRU9HQJGXXERYD9XQ61O3BW7EVF,A2N9U74YIPDQ9F,3CESM1J3EIP4D40U7ZEMRVJCJVPW6U,Submitted,2022-05-06 02:29:16+03:00,1,"['salt.jpg', 'bread.jpg', 'landlord.jpg', 'witch.jpg', 'snack.jpg']","{'bread.jpg', 'salt.jpg', 'snack.jpg'}","{'bread.jpg', 'salt.jpg', 'snack.jpg'}",1.0,"{'ages': 55, 'gender': 'female', 'education': 'Bachelor', 'speaker': 'Native'}"
235,3JMSRU9HQJGXXERYD9XQ61O3BW7EVF,A2N9U74YIPDQ9F,3CESM1J3EIP4D40U7ZEMRVJCJVPW6U,Submitted,2022-05-06 02:29:16+03:00,24,"['mirror.jpg', 'snot.jpg', 'pond.jpg', 'vitamin.jpg', 'eating.jpg', 'water.jpg']","{'pond.jpg', 'water.jpg', 'mirror.jpg'}","{'pond.jpg', 'water.jpg', 'mirror.jpg'}",1.0,"{'ages': 55, 'gender': 'female', 'education': 'Bachelor', 'speaker': 'Native'}"
236,3JMSRU9HQJGXXERYD9XQ61O3BW7EVF,A2N9U74YIPDQ9F,3CESM1J3EIP4D40U7ZEMRVJCJVPW6U,Submitted,2022-05-06 02:29:16+03:00,25,"['pat.jpg', 'arc.jpg', 'horn.jpg', 'newt.jpg', 'fire.jpg', 'lizard.jpg']","{'newt.jpg', 'fire.jpg', 'lizard.jpg'}","{'newt.jpg', 'lizard.jpg', 'arc.jpg'}",0.5,"{'ages': 55, 'gender': 'female', 'education': 'Bachelor', 'speaker': 'Native'}"
237,3JMSRU9HQJGXXERYD9XQ61O3BW7EVF,A2N9U74YIPDQ9F,3CESM1J3EIP4D40U7ZEMRVJCJVPW6U,Submitted,2022-05-06 02:29:16+03:00,30,"['insect.jpg', 'clock.jpg', 'woodwind.jpg', 'bug.jpg', 'jacket.jpg', 'wrench.jpg']","{'bug.jpg', 'clock.jpg', 'insect.jpg'}","{'woodwind.jpg', 'bug.jpg', 'clock.jpg'}",0.5,"{'ages': 55, 'gender': 'female', 'education': 'Bachelor', 'speaker': 'Native'}"
238,3JMSRU9HQJGXXERYD9XQ61O3BW7EVF,A2N9U74YIPDQ9F,3CESM1J3EIP4D40U7ZEMRVJCJVPW6U,Submitted,2022-05-06 02:29:16+03:00,37,"['crowd.jpg', 'teddy.jpg', 'skin.jpg', 'diamond.jpg', 'tin.jpg', 'crust.jpg']","{'skin.jpg', 'diamond.jpg'}","{'skin.jpg', 'diamond.jpg'}",1.0,"{'ages': 55, 'gender': 'female', 'education': 'Bachelor', 'speaker': 'Native'}"
239,3JMSRU9HQJGXXERYD9XQ61O3BW7EVF,A2N9U74YIPDQ9F,3CESM1J3EIP4D40U7ZEMRVJCJVPW6U,Submitted,2022-05-06 02:29:16+03:00,39,"['road.jpg', 'homework.jpg', 'air force.jpg', 'weed.jpg', 'goose.jpg', 'morse code.jpg']","{'road.jpg', 'goose.jpg'}","{'road.jpg', 'morse code.jpg'}",0.3333333333333333,"{'ages': 55, 'gender': 'female', 'education': 'Bachelor', 'speaker': 'Native'}"
240,38BQUHLA9XM0JIAETVZVOHZ4OCHOM6,A377LTGWJKY2IW,3MNJFORX8BQ6JEELCRUHV1JCSXOF5Z,Submitted,2022-05-07 21:24:36+03:00,16,"['stewardess.jpg', 'van.jpg', 'snake.jpg', 'limp.jpg', 'cat.jpg']","{'snake.jpg', 'cat.jpg'}","{'snake.jpg', 'cat.jpg'}",1.0,"{'ages': 53, 'gender': 'female', 'education': 'Bachelor', 'speaker': 'Native'}"
241,38BQUHLA9XM0JIAETVZVOHZ4OCHOM6,A377LTGWJKY2IW,3MNJFORX8BQ6JEELCRUHV1JCSXOF5Z,Submitted,2022-05-07 21:24:36+03:00,11,"['cobra.jpg', 'ruler.jpg', 'penguin.jpg', 'notebook.jpg', 'king.jpg']","{'penguin.jpg', 'king.jpg', 'ruler.jpg'}","{'penguin.jpg', 'cobra.jpg', 'king.jpg'}",0.5,"{'ages': 53, 'gender': 'female', 'education': 'Bachelor', 'speaker': 'Native'}"
242,38BQUHLA9XM0JIAETVZVOHZ4OCHOM6,A377LTGWJKY2IW,3MNJFORX8BQ6JEELCRUHV1JCSXOF5Z,Submitted,2022-05-07 21:24:36+03:00,18,"['crane.jpg', 'microscope.jpg', 'van.jpg', 'woods.jpg', 'bush.jpg']","{'bush.jpg', 'woods.jpg'}","{'crane.jpg', 'woods.jpg'}",0.3333333333333333,"{'ages': 53, 'gender': 'female', 'education': 'Bachelor', 'speaker': 'Native'}"
243,38BQUHLA9XM0JIAETVZVOHZ4OCHOM6,A377LTGWJKY2IW,3MNJFORX8BQ6JEELCRUHV1JCSXOF5Z,Submitted,2022-05-07 21:24:36+03:00,8,"['food.jpg', 'groundhog.jpg', 'drool.jpg', 'pie.jpg', 'cheese.jpg']","{'pie.jpg', 'food.jpg', 'cheese.jpg'}","{'pie.jpg', 'food.jpg', 'cheese.jpg'}",1.0,"{'ages': 53, 'gender': 'female', 'education': 'Bachelor', 'speaker': 'Native'}"
244,38BQUHLA9XM0JIAETVZVOHZ4OCHOM6,A377LTGWJKY2IW,3MNJFORX8BQ6JEELCRUHV1JCSXOF5Z,Submitted,2022-05-07 21:24:36+03:00,1,"['salt.jpg', 'bread.jpg', 'landlord.jpg', 'witch.jpg', 'snack.jpg']","{'bread.jpg', 'salt.jpg', 'snack.jpg'}","{'bread.jpg', 'salt.jpg', 'snack.jpg'}",1.0,"{'ages': 53, 'gender': 'female', 'education': 'Bachelor', 'speaker': 'Native'}"
245,38BQUHLA9XM0JIAETVZVOHZ4OCHOM6,A377LTGWJKY2IW,3MNJFORX8BQ6JEELCRUHV1JCSXOF5Z,Submitted,2022-05-07 21:24:36+03:00,24,"['mirror.jpg', 'snot.jpg', 'pond.jpg', 'vitamin.jpg', 'eating.jpg', 'water.jpg']","{'pond.jpg', 'water.jpg', 'mirror.jpg'}","{'snot.jpg', 'pond.jpg', 'mirror.jpg'}",0.5,"{'ages': 53, 'gender': 'female', 'education': 'Bachelor', 'speaker': 'Native'}"
246,38BQUHLA9XM0JIAETVZVOHZ4OCHOM6,A377LTGWJKY2IW,3MNJFORX8BQ6JEELCRUHV1JCSXOF5Z,Submitted,2022-05-07 21:24:36+03:00,25,"['pat.jpg', 'arc.jpg', 'horn.jpg', 'newt.jpg', 'fire.jpg', 'lizard.jpg']","{'newt.jpg', 'fire.jpg', 'lizard.jpg'}","{'newt.jpg', 'lizard.jpg', 'horn.jpg'}",0.5,"{'ages': 53, 'gender': 'female', 'education': 'Bachelor', 'speaker': 'Native'}"
247,38BQUHLA9XM0JIAETVZVOHZ4OCHOM6,A377LTGWJKY2IW,3MNJFORX8BQ6JEELCRUHV1JCSXOF5Z,Submitted,2022-05-07 21:24:36+03:00,30,"['insect.jpg', 'clock.jpg', 'woodwind.jpg', 'bug.jpg', 'jacket.jpg', 'wrench.jpg']","{'bug.jpg', 'clock.jpg', 'insect.jpg'}","{'bug.jpg', 'clock.jpg', 'insect.jpg'}",1.0,"{'ages': 53, 'gender': 'female', 'education': 'Bachelor', 'speaker': 'Native'}"
248,38BQUHLA9XM0JIAETVZVOHZ4OCHOM6,A377LTGWJKY2IW,3MNJFORX8BQ6JEELCRUHV1JCSXOF5Z,Submitted,2022-05-07 21:24:36+03:00,37,"['crowd.jpg', 'teddy.jpg', 'skin.jpg', 'diamond.jpg', 'tin.jpg', 'crust.jpg']","{'skin.jpg', 'diamond.jpg'}","{'crust.jpg', 'diamond.jpg'}",0.3333333333333333,"{'ages': 53, 'gender': 'female', 'education': 'Bachelor', 'speaker': 'Native'}"
249,38BQUHLA9XM0JIAETVZVOHZ4OCHOM6,A377LTGWJKY2IW,3MNJFORX8BQ6JEELCRUHV1JCSXOF5Z,Submitted,2022-05-07 21:24:36+03:00,39,"['road.jpg', 'homework.jpg', 'air force.jpg', 'weed.jpg', 'goose.jpg', 'morse code.jpg']","{'road.jpg', 'goose.jpg'}","{'road.jpg', 'morse code.jpg'}",0.3333333333333333,"{'ages': 53, 'gender': 'female', 'education': 'Bachelor', 'speaker': 'Native'}"
250,3I3WADAZ9RQ2BBP81WI97FOI2AR5OJ,A14GKRTUEHBLBZ,3VI0PC2ZAY69RABOH0W2AEJADXPOX4,Submitted,2022-05-06 05:04:27+03:00,16,"['stewardess.jpg', 'van.jpg', 'snake.jpg', 'limp.jpg', 'cat.jpg']","{'snake.jpg', 'cat.jpg'}","{'snake.jpg', 'cat.jpg'}",1.0,"{'ages': 33, 'gender': 'female', 'education': 'Master', 'speaker': 'NoneNative'}"
251,3I3WADAZ9RQ2BBP81WI97FOI2AR5OJ,A14GKRTUEHBLBZ,3VI0PC2ZAY69RABOH0W2AEJADXPOX4,Submitted,2022-05-06 05:04:27+03:00,11,"['cobra.jpg', 'ruler.jpg', 'penguin.jpg', 'notebook.jpg', 'king.jpg']","{'penguin.jpg', 'king.jpg', 'ruler.jpg'}","{'penguin.jpg', 'cobra.jpg', 'king.jpg'}",0.5,"{'ages': 33, 'gender': 'female', 'education': 'Master', 'speaker': 'NoneNative'}"
252,3I3WADAZ9RQ2BBP81WI97FOI2AR5OJ,A14GKRTUEHBLBZ,3VI0PC2ZAY69RABOH0W2AEJADXPOX4,Submitted,2022-05-06 05:04:27+03:00,18,"['crane.jpg', 'microscope.jpg', 'van.jpg', 'woods.jpg', 'bush.jpg']","{'bush.jpg', 'woods.jpg'}","{'crane.jpg', 'woods.jpg'}",0.3333333333333333,"{'ages': 33, 'gender': 'female', 'education': 'Master', 'speaker': 'NoneNative'}"
253,3I3WADAZ9RQ2BBP81WI97FOI2AR5OJ,A14GKRTUEHBLBZ,3VI0PC2ZAY69RABOH0W2AEJADXPOX4,Submitted,2022-05-06 05:04:27+03:00,8,"['food.jpg', 'groundhog.jpg', 'drool.jpg', 'pie.jpg', 'cheese.jpg']","{'pie.jpg', 'food.jpg', 'cheese.jpg'}","{'pie.jpg', 'cheese.jpg', 'drool.jpg'}",0.5,"{'ages': 33, 'gender': 'female', 'education': 'Master', 'speaker': 'NoneNative'}"
254,3I3WADAZ9RQ2BBP81WI97FOI2AR5OJ,A14GKRTUEHBLBZ,3VI0PC2ZAY69RABOH0W2AEJADXPOX4,Submitted,2022-05-06 05:04:27+03:00,1,"['salt.jpg', 'bread.jpg', 'landlord.jpg', 'witch.jpg', 'snack.jpg']","{'bread.jpg', 'salt.jpg', 'snack.jpg'}","{'witch.jpg', 'salt.jpg', 'snack.jpg'}",0.5,"{'ages': 33, 'gender': 'female', 'education': 'Master', 'speaker': 'NoneNative'}"
255,3I3WADAZ9RQ2BBP81WI97FOI2AR5OJ,A14GKRTUEHBLBZ,3VI0PC2ZAY69RABOH0W2AEJADXPOX4,Submitted,2022-05-06 05:04:27+03:00,24,"['mirror.jpg', 'snot.jpg', 'pond.jpg', 'vitamin.jpg', 'eating.jpg', 'water.jpg']","{'pond.jpg', 'water.jpg', 'mirror.jpg'}","{'snot.jpg', 'pond.jpg', 'mirror.jpg'}",0.5,"{'ages': 33, 'gender': 'female', 'education': 'Master', 'speaker': 'NoneNative'}"
256,3I3WADAZ9RQ2BBP81WI97FOI2AR5OJ,A14GKRTUEHBLBZ,3VI0PC2ZAY69RABOH0W2AEJADXPOX4,Submitted,2022-05-06 05:04:27+03:00,25,"['pat.jpg', 'arc.jpg', 'horn.jpg', 'newt.jpg', 'fire.jpg', 'lizard.jpg']","{'newt.jpg', 'fire.jpg', 'lizard.jpg'}","{'newt.jpg', 'fire.jpg', 'lizard.jpg'}",1.0,"{'ages': 33, 'gender': 'female', 'education': 'Master', 'speaker': 'NoneNative'}"
257,3I3WADAZ9RQ2BBP81WI97FOI2AR5OJ,A14GKRTUEHBLBZ,3VI0PC2ZAY69RABOH0W2AEJADXPOX4,Submitted,2022-05-06 05:04:27+03:00,30,"['insect.jpg', 'clock.jpg', 'woodwind.jpg', 'bug.jpg', 'jacket.jpg', 'wrench.jpg']","{'bug.jpg', 'clock.jpg', 'insect.jpg'}","{'bug.jpg', 'clock.jpg', 'insect.jpg'}",1.0,"{'ages': 33, 'gender': 'female', 'education': 'Master', 'speaker': 'NoneNative'}"
258,3I3WADAZ9RQ2BBP81WI97FOI2AR5OJ,A14GKRTUEHBLBZ,3VI0PC2ZAY69RABOH0W2AEJADXPOX4,Submitted,2022-05-06 05:04:27+03:00,37,"['crowd.jpg', 'teddy.jpg', 'skin.jpg', 'diamond.jpg', 'tin.jpg', 'crust.jpg']","{'skin.jpg', 'diamond.jpg'}","{'diamond.jpg', 'crowd.jpg'}",0.3333333333333333,"{'ages': 33, 'gender': 'female', 'education': 'Master', 'speaker': 'NoneNative'}"
259,3I3WADAZ9RQ2BBP81WI97FOI2AR5OJ,A14GKRTUEHBLBZ,3VI0PC2ZAY69RABOH0W2AEJADXPOX4,Submitted,2022-05-06 05:04:27+03:00,39,"['road.jpg', 'homework.jpg', 'air force.jpg', 'weed.jpg', 'goose.jpg', 'morse code.jpg']","{'road.jpg', 'goose.jpg'}","{'road.jpg', 'goose.jpg'}",1.0,"{'ages': 33, 'gender': 'female', 'education': 'Master', 'speaker': 'NoneNative'}"
260,3LS2AMNW5GCR4X86LO6C5QJ9YB9QOM,A2FWZR12905V6J,3LG268AV38S3INCNENNEGK388EYRE7,Submitted,2022-05-06 22:28:15+03:00,16,"['stewardess.jpg', 'van.jpg', 'snake.jpg', 'limp.jpg', 'cat.jpg']","{'snake.jpg', 'cat.jpg'}","{'snake.jpg', 'cat.jpg'}",1.0,"{'ages': 25, 'gender': 'female', 'education': 'Bachelor', 'speaker': 'Native'}"
261,3LS2AMNW5GCR4X86LO6C5QJ9YB9QOM,A2FWZR12905V6J,3LG268AV38S3INCNENNEGK388EYRE7,Submitted,2022-05-06 22:28:15+03:00,11,"['cobra.jpg', 'ruler.jpg', 'penguin.jpg', 'notebook.jpg', 'king.jpg']","{'penguin.jpg', 'king.jpg', 'ruler.jpg'}","{'penguin.jpg', 'cobra.jpg', 'ruler.jpg'}",0.5,"{'ages': 25, 'gender': 'female', 'education': 'Bachelor', 'speaker': 'Native'}"
262,3LS2AMNW5GCR4X86LO6C5QJ9YB9QOM,A2FWZR12905V6J,3LG268AV38S3INCNENNEGK388EYRE7,Submitted,2022-05-06 22:28:15+03:00,18,"['crane.jpg', 'microscope.jpg', 'van.jpg', 'woods.jpg', 'bush.jpg']","{'bush.jpg', 'woods.jpg'}","{'crane.jpg', 'woods.jpg'}",0.3333333333333333,"{'ages': 25, 'gender': 'female', 'education': 'Bachelor', 'speaker': 'Native'}"
263,3LS2AMNW5GCR4X86LO6C5QJ9YB9QOM,A2FWZR12905V6J,3LG268AV38S3INCNENNEGK388EYRE7,Submitted,2022-05-06 22:28:15+03:00,8,"['food.jpg', 'groundhog.jpg', 'drool.jpg', 'pie.jpg', 'cheese.jpg']","{'pie.jpg', 'food.jpg', 'cheese.jpg'}","{'pie.jpg', 'food.jpg', 'cheese.jpg'}",1.0,"{'ages': 25, 'gender': 'female', 'education': 'Bachelor', 'speaker': 'Native'}"
264,3LS2AMNW5GCR4X86LO6C5QJ9YB9QOM,A2FWZR12905V6J,3LG268AV38S3INCNENNEGK388EYRE7,Submitted,2022-05-06 22:28:15+03:00,1,"['salt.jpg', 'bread.jpg', 'landlord.jpg', 'witch.jpg', 'snack.jpg']","{'bread.jpg', 'salt.jpg', 'snack.jpg'}","{'bread.jpg', 'salt.jpg', 'snack.jpg'}",1.0,"{'ages': 25, 'gender': 'female', 'education': 'Bachelor', 'speaker': 'Native'}"
265,3LS2AMNW5GCR4X86LO6C5QJ9YB9QOM,A2FWZR12905V6J,3LG268AV38S3INCNENNEGK388EYRE7,Submitted,2022-05-06 22:28:15+03:00,24,"['mirror.jpg', 'snot.jpg', 'pond.jpg', 'vitamin.jpg', 'eating.jpg', 'water.jpg']","{'pond.jpg', 'water.jpg', 'mirror.jpg'}","{'pond.jpg', 'water.jpg', 'mirror.jpg'}",1.0,"{'ages': 25, 'gender': 'female', 'education': 'Bachelor', 'speaker': 'Native'}"
266,3LS2AMNW5GCR4X86LO6C5QJ9YB9QOM,A2FWZR12905V6J,3LG268AV38S3INCNENNEGK388EYRE7,Submitted,2022-05-06 22:28:15+03:00,25,"['pat.jpg', 'arc.jpg', 'horn.jpg', 'newt.jpg', 'fire.jpg', 'lizard.jpg']","{'newt.jpg', 'fire.jpg', 'lizard.jpg'}","{'newt.jpg', 'lizard.jpg', 'arc.jpg'}",0.5,"{'ages': 25, 'gender': 'female', 'education': 'Bachelor', 'speaker': 'Native'}"
267,3LS2AMNW5GCR4X86LO6C5QJ9YB9QOM,A2FWZR12905V6J,3LG268AV38S3INCNENNEGK388EYRE7,Submitted,2022-05-06 22:28:15+03:00,30,"['insect.jpg', 'clock.jpg', 'woodwind.jpg', 'bug.jpg', 'jacket.jpg', 'wrench.jpg']","{'bug.jpg', 'clock.jpg', 'insect.jpg'}","{'bug.jpg', 'clock.jpg', 'insect.jpg'}",1.0,"{'ages': 25, 'gender': 'female', 'education': 'Bachelor', 'speaker': 'Native'}"
268,3LS2AMNW5GCR4X86LO6C5QJ9YB9QOM,A2FWZR12905V6J,3LG268AV38S3INCNENNEGK388EYRE7,Submitted,2022-05-06 22:28:15+03:00,37,"['crowd.jpg', 'teddy.jpg', 'skin.jpg', 'diamond.jpg', 'tin.jpg', 'crust.jpg']","{'skin.jpg', 'diamond.jpg'}","{'crust.jpg', 'diamond.jpg'}",0.3333333333333333,"{'ages': 25, 'gender': 'female', 'education': 'Bachelor', 'speaker': 'Native'}"
269,3LS2AMNW5GCR4X86LO6C5QJ9YB9QOM,A2FWZR12905V6J,3LG268AV38S3INCNENNEGK388EYRE7,Submitted,2022-05-06 22:28:15+03:00,39,"['road.jpg', 'homework.jpg', 'air force.jpg', 'weed.jpg', 'goose.jpg', 'morse code.jpg']","{'road.jpg', 'goose.jpg'}","{'morse code.jpg', 'goose.jpg'}",0.3333333333333333,"{'ages': 25, 'gender': 'female', 'education': 'Bachelor', 'speaker': 'Native'}"
270,3KRVW3HTZO7FHA270CG48M95L16SMT,A22ON3MIIG0IJA,3JVP4ZJHDPERYYUAGTUQH30DRH5I08,Submitted,2022-05-07 17:01:43+03:00,16,"['stewardess.jpg', 'van.jpg', 'snake.jpg', 'limp.jpg', 'cat.jpg']","{'snake.jpg', 'cat.jpg'}","{'snake.jpg', 'cat.jpg'}",1.0,"{'ages': 42, 'gender': 'male', 'education': 'HighSchool', 'speaker': 'Native'}"
271,3KRVW3HTZO7FHA270CG48M95L16SMT,A22ON3MIIG0IJA,3JVP4ZJHDPERYYUAGTUQH30DRH5I08,Submitted,2022-05-07 17:01:43+03:00,11,"['cobra.jpg', 'ruler.jpg', 'penguin.jpg', 'notebook.jpg', 'king.jpg']","{'penguin.jpg', 'king.jpg', 'ruler.jpg'}","{'penguin.jpg', 'cobra.jpg', 'king.jpg'}",0.5,"{'ages': 42, 'gender': 'male', 'education': 'HighSchool', 'speaker': 'Native'}"
272,3KRVW3HTZO7FHA270CG48M95L16SMT,A22ON3MIIG0IJA,3JVP4ZJHDPERYYUAGTUQH30DRH5I08,Submitted,2022-05-07 17:01:43+03:00,18,"['crane.jpg', 'microscope.jpg', 'van.jpg', 'woods.jpg', 'bush.jpg']","{'bush.jpg', 'woods.jpg'}","{'bush.jpg', 'woods.jpg'}",1.0,"{'ages': 42, 'gender': 'male', 'education': 'HighSchool', 'speaker': 'Native'}"
273,3KRVW3HTZO7FHA270CG48M95L16SMT,A22ON3MIIG0IJA,3JVP4ZJHDPERYYUAGTUQH30DRH5I08,Submitted,2022-05-07 17:01:43+03:00,8,"['food.jpg', 'groundhog.jpg', 'drool.jpg', 'pie.jpg', 'cheese.jpg']","{'pie.jpg', 'food.jpg', 'cheese.jpg'}","{'pie.jpg', 'food.jpg', 'cheese.jpg'}",1.0,"{'ages': 42, 'gender': 'male', 'education': 'HighSchool', 'speaker': 'Native'}"
274,3KRVW3HTZO7FHA270CG48M95L16SMT,A22ON3MIIG0IJA,3JVP4ZJHDPERYYUAGTUQH30DRH5I08,Submitted,2022-05-07 17:01:43+03:00,1,"['salt.jpg', 'bread.jpg', 'landlord.jpg', 'witch.jpg', 'snack.jpg']","{'bread.jpg', 'salt.jpg', 'snack.jpg'}","{'bread.jpg', 'salt.jpg', 'snack.jpg'}",1.0,"{'ages': 42, 'gender': 'male', 'education': 'HighSchool', 'speaker': 'Native'}"
275,3KRVW3HTZO7FHA270CG48M95L16SMT,A22ON3MIIG0IJA,3JVP4ZJHDPERYYUAGTUQH30DRH5I08,Submitted,2022-05-07 17:01:43+03:00,24,"['mirror.jpg', 'snot.jpg', 'pond.jpg', 'vitamin.jpg', 'eating.jpg', 'water.jpg']","{'pond.jpg', 'water.jpg', 'mirror.jpg'}","{'pond.jpg', 'water.jpg', 'mirror.jpg'}",1.0,"{'ages': 42, 'gender': 'male', 'education': 'HighSchool', 'speaker': 'Native'}"
276,3KRVW3HTZO7FHA270CG48M95L16SMT,A22ON3MIIG0IJA,3JVP4ZJHDPERYYUAGTUQH30DRH5I08,Submitted,2022-05-07 17:01:43+03:00,25,"['pat.jpg', 'arc.jpg', 'horn.jpg', 'newt.jpg', 'fire.jpg', 'lizard.jpg']","{'newt.jpg', 'fire.jpg', 'lizard.jpg'}","{'newt.jpg', 'lizard.jpg', 'arc.jpg'}",0.5,"{'ages': 42, 'gender': 'male', 'education': 'HighSchool', 'speaker': 'Native'}"
277,3KRVW3HTZO7FHA270CG48M95L16SMT,A22ON3MIIG0IJA,3JVP4ZJHDPERYYUAGTUQH30DRH5I08,Submitted,2022-05-07 17:01:43+03:00,30,"['insect.jpg', 'clock.jpg', 'woodwind.jpg', 'bug.jpg', 'jacket.jpg', 'wrench.jpg']","{'bug.jpg', 'clock.jpg', 'insect.jpg'}","{'woodwind.jpg', 'bug.jpg', 'clock.jpg'}",0.5,"{'ages': 42, 'gender': 'male', 'education': 'HighSchool', 'speaker': 'Native'}"
278,3KRVW3HTZO7FHA270CG48M95L16SMT,A22ON3MIIG0IJA,3JVP4ZJHDPERYYUAGTUQH30DRH5I08,Submitted,2022-05-07 17:01:43+03:00,37,"['crowd.jpg', 'teddy.jpg', 'skin.jpg', 'diamond.jpg', 'tin.jpg', 'crust.jpg']","{'skin.jpg', 'diamond.jpg'}","{'tin.jpg', 'diamond.jpg'}",0.3333333333333333,"{'ages': 42, 'gender': 'male', 'education': 'HighSchool', 'speaker': 'Native'}"
279,3KRVW3HTZO7FHA270CG48M95L16SMT,A22ON3MIIG0IJA,3JVP4ZJHDPERYYUAGTUQH30DRH5I08,Submitted,2022-05-07 17:01:43+03:00,39,"['road.jpg', 'homework.jpg', 'air force.jpg', 'weed.jpg', 'goose.jpg', 'morse code.jpg']","{'road.jpg', 'goose.jpg'}","{'road.jpg', 'air force.jpg'}",0.3333333333333333,"{'ages': 42, 'gender': 'male', 'education': 'HighSchool', 'speaker': 'Native'}"
