,AssignmentId,WorkerId,HITId,AssignmentStatus,SubmitTime,id,selected_images_q1,selected_images_q2,score_fooling_ai_1,score_fooling_ai_2,cue1,cue2,candidates
0,3X87C8JFV7X62P0ZS5NLPVTAXPAQSX,A1HKYY6XI2OHO1,30QQTY5GMK6AP0PUV94DFLYBT2B7U6,Submitted,2022-05-19 00:38:45+03:00,random_1777,"['shed.jpg', 'wigwam.jpg']","['ferris wheel.jpg', 'salt.jpg']",67,100,shovels,heartattack,"['ferris wheel.jpg', 'school.jpg', 'shed.jpg', 'salt.jpg', 'legume.jpg', 'wigwam.jpg']"
1,3I3WADAZ9RQ2BBP81WI97FOI45UO5X,A3RTW9UWYKSNWX,30QQTY5GMK6AP0PUV94DFLYBT2B7U6,Submitted,2022-05-19 07:23:04+03:00,random_1777,"['ferris wheel.jpg', 'school.jpg']","['shed.jpg', 'wigwam.jpg']",100,0,sit,shelter,"['ferris wheel.jpg', 'school.jpg', 'shed.jpg', 'salt.jpg', 'legume.jpg', 'wigwam.jpg']"
2,34FNN24DCNVE5PTA7JR796MKIGH5YF,A382S0KJMW3K9S,30QQTY5GMK6AP0PUV94DFLYBT2B7U6,Submitted,2022-05-19 14:32:03+03:00,random_1777,"['school.jpg', 'shed.jpg', 'salt.jpg', 'wigwam.jpg']","['school.jpg', 'shed.jpg', 'legume.jpg', 'wigwam.jpg']",40,0,wood,green,"['ferris wheel.jpg', 'school.jpg', 'shed.jpg', 'salt.jpg', 'legume.jpg', 'wigwam.jpg']"
3,3KYQYYSHYWTXFO41G20S5RCAHLOODZ,A3RTW9UWYKSNWX,3NQUW096N6UBKTQT1SAW2UTYB169LQ,Submitted,2022-05-19 01:19:54+03:00,random_1322,"['tablespoon.jpg', 'cog.jpg']","['tablespoon.jpg', 'cog.jpg']",67,67,reflect,sizes,"['tater.jpg', 'tablespoon.jpg', 'cog.jpg', 'art.jpg', 'throne.jpg', 'steeple.jpg']"
4,3S4AW7T80C4C97IBAZJ7A6EA94X4LU,A302KOFOYLD89A,3NQUW096N6UBKTQT1SAW2UTYB169LQ,Submitted,2022-05-19 02:06:41+03:00,random_1322,"['tater.jpg', 'tablespoon.jpg']","['throne.jpg', 'steeple.jpg']",0,67,recipe,worship,"['tater.jpg', 'tablespoon.jpg', 'cog.jpg', 'art.jpg', 'throne.jpg', 'steeple.jpg']"
5,3E7TUJ2EGD8U810VEDHA81HLMNX9D3,A1HKYY6XI2OHO1,3NQUW096N6UBKTQT1SAW2UTYB169LQ,Submitted,2022-05-19 04:55:42+03:00,random_1322,"['tablespoon.jpg', 'cog.jpg']","['throne.jpg', 'steeple.jpg']",100,67,graduated,king,"['tater.jpg', 'tablespoon.jpg', 'cog.jpg', 'art.jpg', 'throne.jpg', 'steeple.jpg']"
6,35H6S234SBMCM5J410WFQF2RJ5956Y,A382S0KJMW3K9S,37Y5RYYI0PROP23HOHDBUJTBAY4XSA,Submitted,2022-05-19 03:03:08+03:00,random_1856,"['crosswalk.jpg', 'taco.jpg']","['licorice.jpg', 'taco.jpg']",67,67,delivery,food,"['makeup.jpg', 'wife.jpg', 'paste.jpg', 'licorice.jpg', 'crosswalk.jpg', 'taco.jpg']"
7,3I2PTA7R3UG8E6NRNWEJY920GWMQK7,A19UED74G8FXN3,37Y5RYYI0PROP23HOHDBUJTBAY4XSA,Submitted,2022-05-19 03:45:22+03:00,random_1856,"['wife.jpg', 'crosswalk.jpg']","['makeup.jpg', 'taco.jpg']",67,100,Busy,Countertop,"['makeup.jpg', 'wife.jpg', 'paste.jpg', 'licorice.jpg', 'crosswalk.jpg', 'taco.jpg']"
8,3MMN5BL1W0QBXTHSAXF30E1TV9EM3G,A1HKYY6XI2OHO1,37Y5RYYI0PROP23HOHDBUJTBAY4XSA,Submitted,2022-05-19 04:52:45+03:00,random_1856,"['licorice.jpg', 'taco.jpg']","['makeup.jpg', 'paste.jpg']",67,67,tasty,apply,"['makeup.jpg', 'wife.jpg', 'paste.jpg', 'licorice.jpg', 'crosswalk.jpg', 'taco.jpg']"
9,3C5W7UE9CGCNDRO6UMMR7UQX23FXMP,A2QX3YJXAAHHVV,37MQ8Z1JQEIKK8CTZYK7MFNGEA02YJ,Submitted,2022-05-19 00:38:08+03:00,random_1522,"['wrinkled.jpg', 'pullover.jpg']","['herbs.jpg', 'guacamole.jpg']",0,0,wrinkle,cilantro,"['hat.jpg', 'herbs.jpg', 'wrinkled.jpg', 'baby.jpg', 'pullover.jpg', 'guacamole.jpg']"
10,3Z7EFSHGNA0A45CFHXSD4YLL8PMCXX,A3RTW9UWYKSNWX,37MQ8Z1JQEIKK8CTZYK7MFNGEA02YJ,Submitted,2022-05-19 01:48:31+03:00,random_1522,"['herbs.jpg', 'guacamole.jpg']","['hat.jpg', 'pullover.jpg']",67,0,garnish,wear,"['hat.jpg', 'herbs.jpg', 'wrinkled.jpg', 'baby.jpg', 'pullover.jpg', 'guacamole.jpg']"
11,35K3O9HUACZ81H58DUSMOFLHPX5EF5,A382S0KJMW3K9S,37MQ8Z1JQEIKK8CTZYK7MFNGEA02YJ,Submitted,2022-05-19 02:13:14+03:00,random_1522,"['herbs.jpg', 'baby.jpg', 'guacamole.jpg']","['herbs.jpg', 'guacamole.jpg']",80,67,green,dip,"['hat.jpg', 'herbs.jpg', 'wrinkled.jpg', 'baby.jpg', 'pullover.jpg', 'guacamole.jpg']"
12,3U4J9857OFXXFLEILKSKZF2FOB8B7V,A3RTW9UWYKSNWX,302OLP89DZTWM86SGLVXV6EVNAACAS,Submitted,2022-05-19 02:02:31+03:00,random_480,"['hump.jpg', 'actress.jpg']","['hump.jpg', 'playstation.jpg']",100,67,side,command,"['hump.jpg', 'playstation.jpg', 'bandage.jpg', 'actress.jpg', 'silhouette.jpg']"
13,31QNSG6A5SFEDNGBI88A8DCEG6O78V,A302KOFOYLD89A,302OLP89DZTWM86SGLVXV6EVNAACAS,Submitted,2022-05-19 02:08:31+03:00,random_480,"['actress.jpg', 'silhouette.jpg']","['hump.jpg', 'actress.jpg']",0,67,girl,outdoors,"['hump.jpg', 'playstation.jpg', 'bandage.jpg', 'actress.jpg', 'silhouette.jpg']"
14,3R3YRB5GRGPUUMLMSELZEWWTE59UAC,A1HKYY6XI2OHO1,302OLP89DZTWM86SGLVXV6EVNAACAS,Submitted,2022-05-19 04:56:11+03:00,random_480,"['bandage.jpg', 'actress.jpg']","['actress.jpg', 'silhouette.jpg']",67,67,wrap,pose,"['hump.jpg', 'playstation.jpg', 'bandage.jpg', 'actress.jpg', 'silhouette.jpg']"
15,3OVHNO1VE7N9ESI8IBB9LPJE1PXZDI,A3RTW9UWYKSNWX,39KV3A5D18TUANXQ649D0KGN85Q7SQ,Submitted,2022-05-19 02:05:22+03:00,random_1771,"['bell.jpg', 'two.jpg']","['bell.jpg', 'bedroom.jpg']",0,0,gold,alarm,"['signature.jpg', 'model.jpg', 'bell.jpg', 'two.jpg', 'bedroom.jpg', 'jack.jpg']"
16,3L70J4KAZH88DKA06JVA4WS5S5IDAP,A1HKYY6XI2OHO1,39KV3A5D18TUANXQ649D0KGN85Q7SQ,Submitted,2022-05-19 05:40:53+03:00,random_1771,"['model.jpg', 'bedroom.jpg']","['signature.jpg', 'model.jpg']",100,100,swipe,notary,"['signature.jpg', 'model.jpg', 'bell.jpg', 'two.jpg', 'bedroom.jpg', 'jack.jpg']"
17,3VBEN272MLLFP06LP9I9VHP8R4YGST,A382S0KJMW3K9S,39KV3A5D18TUANXQ649D0KGN85Q7SQ,Submitted,2022-05-19 14:20:29+03:00,random_1771,"['model.jpg', 'jack.jpg']","['signature.jpg', 'model.jpg']",67,100,dark,famous,"['signature.jpg', 'model.jpg', 'bell.jpg', 'two.jpg', 'bedroom.jpg', 'jack.jpg']"
18,3DZQRBDBSM1EVOUXUUBPCN0ZNYE3SR,A1HKYY6XI2OHO1,3X878VYTIE4L6IS40K9ETLX8JFWF7F,Submitted,2022-05-19 02:56:45+03:00,random_1149,"['hobo.jpg', 'broken.jpg']","['spam.jpg', 'broken.jpg']",0,0,heartbroken,cholesterol,"['hobo.jpg', 'gymnast.jpg', 'braces.jpg', 'tack.jpg', 'spam.jpg', 'broken.jpg']"
19,3F6KKYWMNCNFX34PFN0FQ2C5RCJDNB,A302KOFOYLD89A,3X878VYTIE4L6IS40K9ETLX8JFWF7F,Submitted,2022-05-19 06:17:27+03:00,random_1149,"['hobo.jpg', 'spam.jpg']","['hobo.jpg', 'gymnast.jpg']",0,67,cook,costume,"['hobo.jpg', 'gymnast.jpg', 'braces.jpg', 'tack.jpg', 'spam.jpg', 'broken.jpg']"
20,3LOTDFNYA8L2IHRZYUMSALSHW16FWI,A3RTW9UWYKSNWX,3X878VYTIE4L6IS40K9ETLX8JFWF7F,Submitted,2022-05-19 07:06:23+03:00,random_1149,"['gymnast.jpg', 'tack.jpg']","['braces.jpg', 'broken.jpg']",100,67,tan,fix,"['hobo.jpg', 'gymnast.jpg', 'braces.jpg', 'tack.jpg', 'spam.jpg', 'broken.jpg']"
21,3WQ3B2KGE92J4ZZGW4BBY5B2LP5B1V,A3RTW9UWYKSNWX,386T3MLZLNHY9SIX77IZ4E6ZOXD08J,Submitted,2022-05-19 01:34:29+03:00,random_1154,"['hedge.jpg', 'next door.jpg', 'radar.jpg']","['downstairs.jpg', 'radar.jpg']",0,67,green,trip,"['hedge.jpg', 'downstairs.jpg', 'next door.jpg', 'vodka.jpg', 'radar.jpg', 'jacket.jpg']"
22,3X66WABAJX4B5JL6ZUH8N9HWZNJ3G6,A1HKYY6XI2OHO1,386T3MLZLNHY9SIX77IZ4E6ZOXD08J,Submitted,2022-05-19 02:51:35+03:00,random_1154,"['hedge.jpg', 'radar.jpg']","['downstairs.jpg', 'jacket.jpg']",0,67,location,shirts,"['hedge.jpg', 'downstairs.jpg', 'next door.jpg', 'vodka.jpg', 'radar.jpg', 'jacket.jpg']"
23,3KXIR214I5268LW30T12VAF1343240,A19UED74G8FXN3,386T3MLZLNHY9SIX77IZ4E6ZOXD08J,Submitted,2022-05-19 07:13:15+03:00,random_1154,"['hedge.jpg', 'radar.jpg']","['next door.jpg', 'radar.jpg']",0,67,Sky,Warning,"['hedge.jpg', 'downstairs.jpg', 'next door.jpg', 'vodka.jpg', 'radar.jpg', 'jacket.jpg']"
24,3WR9XG3T64XDUMT965IXR1W9EJI74C,A1HKYY6XI2OHO1,3JMNNNO3B1QGV3HTKX2J1I203202WK,Submitted,2022-05-19 00:52:48+03:00,random_577,"['son.jpg', 'sparks.jpg']","['glass.jpg', 'ivory.jpg']",67,0,sweating,mead,"['blanket.jpg', 'son.jpg', 'glass.jpg', 'sparks.jpg', 'ivory.jpg']"
25,33FOTY3KEN72E4RMA4769PHK3BA1CZ,A382S0KJMW3K9S,3JMNNNO3B1QGV3HTKX2J1I203202WK,Submitted,2022-05-19 02:15:01+03:00,random_577,"['glass.jpg', 'ivory.jpg']","['glass.jpg', 'ivory.jpg']",67,67,fill,overflow,"['blanket.jpg', 'son.jpg', 'glass.jpg', 'sparks.jpg', 'ivory.jpg']"
26,36V4Q8R5ZLM34UNU88RZDMU4515MQW,A3RTW9UWYKSNWX,3JMNNNO3B1QGV3HTKX2J1I203202WK,Submitted,2022-05-19 02:15:28+03:00,random_577,"['glass.jpg', 'ivory.jpg']","['blanket.jpg', 'sparks.jpg']",0,67,vessel,warm,"['blanket.jpg', 'son.jpg', 'glass.jpg', 'sparks.jpg', 'ivory.jpg']"
27,3DYGAII7PMU9PXK70OJRUQOZA5ZQPD,A2QX3YJXAAHHVV,3ZG552ORAMQ3GEHOUNXNFGJMWTY2VA,Submitted,2022-05-19 00:41:22+03:00,random_442,"['walnut.jpg', 'hurricane.jpg']","['hurricane.jpg', 'tide.jpg']",100,0,circular,ocean,"['walnut.jpg', 'hurricane.jpg', 'beak.jpg', 'tide.jpg', 'baby.jpg']"
28,3M68NM076IT1RSH2Y79ITG7NBNDR6D,A1HKYY6XI2OHO1,3ZG552ORAMQ3GEHOUNXNFGJMWTY2VA,Submitted,2022-05-19 04:40:24+03:00,random_442,"['walnut.jpg', 'beak.jpg']","['tide.jpg', 'baby.jpg']",67,0,polly,pigpen,"['walnut.jpg', 'hurricane.jpg', 'beak.jpg', 'tide.jpg', 'baby.jpg']"
29,3U4J9857OFXXFLEILKSKZF2FOC27BN,A302KOFOYLD89A,3ZG552ORAMQ3GEHOUNXNFGJMWTY2VA,Submitted,2022-05-19 06:13:05+03:00,random_442,"['beak.jpg', 'baby.jpg']","['walnut.jpg', 'tide.jpg']",67,67,live,open,"['walnut.jpg', 'hurricane.jpg', 'beak.jpg', 'tide.jpg', 'baby.jpg']"
30,3Z4XG4ZF49D8S2M20LC82CP2IYQX81,A302KOFOYLD89A,3VO4XFFP158IX7IDE0K85K1MQH57Q1,Submitted,2022-05-19 00:36:57+03:00,random_1505,"['gazelle.jpg', 'snowman.jpg']","['thicket.jpg', 'clicker.jpg']",67,100,outside,pocket,"['television.jpg', 'trampoline.jpg', 'gazelle.jpg', 'snowman.jpg', 'thicket.jpg', 'clicker.jpg']"
31,3YWRV122CTLGBYS7VG1LI5QYOGHU8E,A3RTW9UWYKSNWX,3VO4XFFP158IX7IDE0K85K1MQH57Q1,Submitted,2022-05-19 01:31:04+03:00,random_1505,"['gazelle.jpg', 'snowman.jpg']","['television.jpg', 'gazelle.jpg']",0,67,stare,horn,"['television.jpg', 'trampoline.jpg', 'gazelle.jpg', 'snowman.jpg', 'thicket.jpg', 'clicker.jpg']"
32,38F71OA9GUI6D5XLUSG51NQQYZEFMD,A1HKYY6XI2OHO1,3VO4XFFP158IX7IDE0K85K1MQH57Q1,Submitted,2022-05-19 04:20:21+03:00,random_1505,"['gazelle.jpg', 'snowman.jpg']","['gazelle.jpg', 'snowman.jpg']",67,0,carrots,holidaysong,"['television.jpg', 'trampoline.jpg', 'gazelle.jpg', 'snowman.jpg', 'thicket.jpg', 'clicker.jpg']"
33,3J88R45B2HKTYULJM2EJOYKS781XPW,A3RTW9UWYKSNWX,372AGES0I4RCON349SD649OFOWLXRM,Submitted,2022-05-19 01:59:34+03:00,random_942,"['traffic.jpg', 'bike.jpg']","['counter.jpg', 'sponge.jpg']",100,0,go,box,"['secretary.jpg', 'traffic.jpg', 'counter.jpg', 'sponge.jpg', 'bike.jpg']"
34,37TD41K0AIV28OQGNNMQ5Q4TTBQCSX,A382S0KJMW3K9S,372AGES0I4RCON349SD649OFOWLXRM,Submitted,2022-05-19 02:48:47+03:00,random_942,"['traffic.jpg', 'bike.jpg']","['traffic.jpg', 'bike.jpg']",67,67,travel,streets,"['secretary.jpg', 'traffic.jpg', 'counter.jpg', 'sponge.jpg', 'bike.jpg']"
35,3N2BF7Y2VRGQR1ORPI454823EEYHMK,A1HKYY6XI2OHO1,372AGES0I4RCON349SD649OFOWLXRM,Submitted,2022-05-19 05:09:16+03:00,random_942,"['traffic.jpg', 'bike.jpg']","['secretary.jpg', 'counter.jpg']",67,67,locomotion,lawyer,"['secretary.jpg', 'traffic.jpg', 'counter.jpg', 'sponge.jpg', 'bike.jpg']"
36,3DIP6YHAPDEZM2VL5GMGEN4V2SO8EC,A3RTW9UWYKSNWX,3ULIZ0H1VARFTZKD5SFW6ZFIRZI51P,Submitted,2022-05-19 01:33:26+03:00,random_1739,"['ford.jpg', 'digit.jpg']","['field.jpg', 'donut.jpg']",67,67,loan,exercise,"['lead.jpg', 'drag.jpg', 'ford.jpg', 'field.jpg', 'digit.jpg', 'donut.jpg']"
37,39GHHAVOMGD6EHUB7E7UUR1I5FJ4JJ,A1HKYY6XI2OHO1,3ULIZ0H1VARFTZKD5SFW6ZFIRZI51P,Submitted,2022-05-19 05:33:31+03:00,random_1739,"['digit.jpg', 'donut.jpg']","['ford.jpg', 'field.jpg']",100,0,portion,offroad,"['lead.jpg', 'drag.jpg', 'ford.jpg', 'field.jpg', 'digit.jpg', 'donut.jpg']"
38,3MX2NQ3YCAGP5K302N55QSFBGA35XP,AHB3QFZSFN9DL,3ULIZ0H1VARFTZKD5SFW6ZFIRZI51P,Submitted,2022-05-19 08:14:37+03:00,random_1739,"['lead.jpg', 'drag.jpg']","['ford.jpg', 'digit.jpg']",0,67,Glitz,Company,"['lead.jpg', 'drag.jpg', 'ford.jpg', 'field.jpg', 'digit.jpg', 'donut.jpg']"
39,3TXMY6UCAFAQV8B3VJXLAQPSBMMCQN,A2QX3YJXAAHHVV,3VZYA8PITOKFMAZV99BWSUW8M7C50M,Submitted,2022-05-19 00:48:18+03:00,random_1682,"['light bulb.jpg', 'monk.jpg']","['itunes.jpg', 'porridge.jpg']",67,100,discovery,circle,"['light bulb.jpg', 'monk.jpg', 'town.jpg', 'itunes.jpg', 'porridge.jpg', 'sheet.jpg']"
40,3JBT3HLQF9OI3PLYNK24LJ03F8RPZD,A1HKYY6XI2OHO1,3VZYA8PITOKFMAZV99BWSUW8M7C50M,Submitted,2022-05-19 00:55:11+03:00,random_1682,"['light bulb.jpg', 'monk.jpg']","['monk.jpg', 'itunes.jpg']",67,100,illuminated,nirvana,"['light bulb.jpg', 'monk.jpg', 'town.jpg', 'itunes.jpg', 'porridge.jpg', 'sheet.jpg']"
41,3XCC1ODXDMXU1A0MDGNGZLOEBNZRQI,A3RTW9UWYKSNWX,3VZYA8PITOKFMAZV99BWSUW8M7C50M,Submitted,2022-05-19 01:28:44+03:00,random_1682,"['light bulb.jpg', 'monk.jpg']","['monk.jpg', 'sheet.jpg']",0,0,think,quiet,"['light bulb.jpg', 'monk.jpg', 'town.jpg', 'itunes.jpg', 'porridge.jpg', 'sheet.jpg']"
42,3WYGZ5XF3X1KRM24F03OT9H1YJISK7,A382S0KJMW3K9S,3UV0D2KX1M5ONVALYMB7Q9DYSD6F4V,Submitted,2022-05-19 00:36:52+03:00,random_1311,"['barn.jpg', 'hearth.jpg']","['barn.jpg', 'hearth.jpg']",67,67,shelter,wood,"['barn.jpg', 'leopard.jpg', 'fish.jpg', 'toothpaste.jpg', 'snout.jpg', 'hearth.jpg']"
43,30MVJZJNHNZ7BN0NO93LBZCYR659JQ,A3RTW9UWYKSNWX,3UV0D2KX1M5ONVALYMB7Q9DYSD6F4V,Submitted,2022-05-19 01:57:38+03:00,random_1311,"['leopard.jpg', 'fish.jpg']","['leopard.jpg', 'snout.jpg']",0,0,eat,snout,"['barn.jpg', 'leopard.jpg', 'fish.jpg', 'toothpaste.jpg', 'snout.jpg', 'hearth.jpg']"
44,3NJM2BJS4XS5VWAOV6IWALZI6RRPC2,A19UED74G8FXN3,3UV0D2KX1M5ONVALYMB7Q9DYSD6F4V,Submitted,2022-05-19 03:40:05+03:00,random_1311,"['barn.jpg', 'hearth.jpg']","['toothpaste.jpg', 'snout.jpg']",67,0,Rustic,Container,"['barn.jpg', 'leopard.jpg', 'fish.jpg', 'toothpaste.jpg', 'snout.jpg', 'hearth.jpg']"
45,3I7DHKZYGOM85YCF2TZJKLF4C3V5FI,A2QX3YJXAAHHVV,3OWZNK3RYLB33ZSOPXNIJUH3IMP2UL,Submitted,2022-05-19 00:46:23+03:00,random_1840,"['continent.jpg', 'vertebrae.jpg']","['continent.jpg', 'daughter.jpg', 'vertebrae.jpg']",67,80,region,instructional,"['continent.jpg', 'daughter.jpg', 'frost.jpg', 'formula.jpg', 'teapot.jpg', 'vertebrae.jpg']"
46,3GDTJDAPVVXXYQNYMEAZRV94BUG8M2,A3RTW9UWYKSNWX,3OWZNK3RYLB33ZSOPXNIJUH3IMP2UL,Submitted,2022-05-19 01:42:46+03:00,random_1840,"['daughter.jpg', 'teapot.jpg']","['daughter.jpg', 'vertebrae.jpg']",67,67,whistle,teach,"['continent.jpg', 'daughter.jpg', 'frost.jpg', 'formula.jpg', 'teapot.jpg', 'vertebrae.jpg']"
47,3VHHR074H439SU0UCXHEDIYK06T7LN,A1HKYY6XI2OHO1,3OWZNK3RYLB33ZSOPXNIJUH3IMP2UL,Submitted,2022-05-19 03:02:19+03:00,random_1840,"['daughter.jpg', 'formula.jpg']","['daughter.jpg', 'teapot.jpg']",67,100,lap,mouth,"['continent.jpg', 'daughter.jpg', 'frost.jpg', 'formula.jpg', 'teapot.jpg', 'vertebrae.jpg']"
48,3PMBY0YE28PK39UHEHMZOVZ31MLC94,A302KOFOYLD89A,3X4Q1O9UBH8FCV5XZNS4GF6MBGN7OT,Submitted,2022-05-19 00:41:28+03:00,random_108,"['fishing.jpg', 'brush.jpg']","['clock.jpg', 'brush.jpg']",67,67,hold,white,"['singing.jpg', 'clock.jpg', 'university.jpg', 'fishing.jpg', 'brush.jpg']"
49,30BUDKLTXEHGZKCJ7IFD23U402NE5G,A3RTW9UWYKSNWX,3X4Q1O9UBH8FCV5XZNS4GF6MBGN7OT,Submitted,2022-05-19 01:35:11+03:00,random_108,"['singing.jpg', 'fishing.jpg']","['clock.jpg', 'university.jpg']",67,67,set,appointment,"['singing.jpg', 'clock.jpg', 'university.jpg', 'fishing.jpg', 'brush.jpg']"
50,37QW5D2ZRH80WL036B6L348A3KJS8L,A1HKYY6XI2OHO1,3X4Q1O9UBH8FCV5XZNS4GF6MBGN7OT,Submitted,2022-05-19 04:18:19+03:00,random_108,"['fishing.jpg', 'brush.jpg']","['singing.jpg', 'clock.jpg']",67,0,tangle,pinkfloyd,"['singing.jpg', 'clock.jpg', 'university.jpg', 'fishing.jpg', 'brush.jpg']"
51,3Z9WI9EOZ0AV1DOO46RPPVAZP85HKF,A382S0KJMW3K9S,3T2EL38U0M6CCMO4WDO6ZJEASAJXQL,Submitted,2022-05-19 01:00:48+03:00,random_395,"['rodent.jpg', 'spam.jpg']","['rodent.jpg', 'spam.jpg']",67,67,meat,food,"['olympics.jpg', 'maze.jpg', 'rodent.jpg', 'spam.jpg', 'sidewalk.jpg']"
52,3TYCR1GOTD5SC460VS9X42RJAYZLZK,A3RTW9UWYKSNWX,3T2EL38U0M6CCMO4WDO6ZJEASAJXQL,Submitted,2022-05-19 02:03:17+03:00,random_395,"['maze.jpg', 'sidewalk.jpg']","['maze.jpg', 'rodent.jpg']",0,67,monochrome,train,"['olympics.jpg', 'maze.jpg', 'rodent.jpg', 'spam.jpg', 'sidewalk.jpg']"
53,3OONKJ5DKD540R6H269MA1OAE16OBO,A1HKYY6XI2OHO1,3T2EL38U0M6CCMO4WDO6ZJEASAJXQL,Submitted,2022-05-19 04:51:29+03:00,random_395,"['maze.jpg', 'rodent.jpg']","['spam.jpg', 'sidewalk.jpg']",0,67,academic,block,"['olympics.jpg', 'maze.jpg', 'rodent.jpg', 'spam.jpg', 'sidewalk.jpg']"
54,3ZAK8W07I50YT9N40CO6PQKG5IXU0J,A2QX3YJXAAHHVV,3NI0WFPPI92B5EZ9ESL1K0A8I2N06X,Submitted,2022-05-19 00:39:32+03:00,random_365,"['email.jpg', 'room.jpg']","['navel.jpg', 'room.jpg']",67,67,corner,fabric,"['rub.jpg', 'navel.jpg', 'email.jpg', 'moon.jpg', 'room.jpg']"
55,3ON104KXQLISK1UAEDQ9JHVQ7AP4W9,A1HKYY6XI2OHO1,3NI0WFPPI92B5EZ9ESL1K0A8I2N06X,Submitted,2022-05-19 00:42:05+03:00,random_365,"['navel.jpg', 'room.jpg']","['navel.jpg', 'moon.jpg']",67,0,bellyflop,romantic,"['rub.jpg', 'navel.jpg', 'email.jpg', 'moon.jpg', 'room.jpg']"
56,3TY7ZAOG5G6KQDIS6YK4J3BI3RAK0N,A3RTW9UWYKSNWX,3NI0WFPPI92B5EZ9ESL1K0A8I2N06X,Submitted,2022-05-19 01:52:31+03:00,random_365,"['email.jpg', 'moon.jpg']","['rub.jpg', 'room.jpg']",0,67,circle,spoon,"['rub.jpg', 'navel.jpg', 'email.jpg', 'moon.jpg', 'room.jpg']"
57,3COPXFW7XCYNEUMCNJZUY4CQB0OPK3,A3RTW9UWYKSNWX,3XQ4XW3OD9YNOM0K0SSI4TZFXP42S5,Submitted,2022-05-19 02:15:02+03:00,random_40,"['saxophone.jpg', 'doe.jpg']","['saxophone.jpg', 'cooler.jpg']",0,0,solo,cool,"['baked.jpg', 'saxophone.jpg', 'cooler.jpg', 'doe.jpg', 'pedal.jpg']"
58,3NVC2EB65RLBRA66T03EU9O04JO3YJ,A19UED74G8FXN3,3XQ4XW3OD9YNOM0K0SSI4TZFXP42S5,Submitted,2022-05-19 04:22:10+03:00,random_40,"['doe.jpg', 'pedal.jpg']","['cooler.jpg', 'doe.jpg', 'pedal.jpg']",67,50,Motion,Outdoors,"['baked.jpg', 'saxophone.jpg', 'cooler.jpg', 'doe.jpg', 'pedal.jpg']"
59,33CUSNVVNOYID1LUSD0GMD89RQI887,A1HKYY6XI2OHO1,3XQ4XW3OD9YNOM0K0SSI4TZFXP42S5,Submitted,2022-05-19 05:00:40+03:00,random_40,"['baked.jpg', 'cooler.jpg']","['saxophone.jpg', 'doe.jpg']",67,0,campfire,startle,"['baked.jpg', 'saxophone.jpg', 'cooler.jpg', 'doe.jpg', 'pedal.jpg']"
60,3C2NJ6JBKB3SUT69IYGYUJL1UKL2NG,A3UJSDFJ9LBQ6Z,3087LXLJ6M27O7SKFLO5E6NLB1QF0F,Submitted,2022-05-19 00:28:56+03:00,random_200,"['model.jpg', 'businesswoman.jpg']","['model.jpg', 'businesswoman.jpg']",0,0,model,cheekbones,"['computer.jpg', 'model.jpg', 'horizon.jpg', 'rope.jpg', 'businesswoman.jpg']"
61,38SKSKU7R2J6HEHQVOLB47OTELMIL9,A382S0KJMW3K9S,3087LXLJ6M27O7SKFLO5E6NLB1QF0F,Submitted,2022-05-19 00:43:34+03:00,random_200,"['model.jpg', 'horizon.jpg', 'businesswoman.jpg']","['model.jpg', 'horizon.jpg', 'businesswoman.jpg']",50,50,women,female,"['computer.jpg', 'model.jpg', 'horizon.jpg', 'rope.jpg', 'businesswoman.jpg']"
62,336YQZE83W0EB84WOG3WFBZD94H5MZ,A3RTW9UWYKSNWX,3087LXLJ6M27O7SKFLO5E6NLB1QF0F,Submitted,2022-05-19 02:00:01+03:00,random_200,"['horizon.jpg', 'rope.jpg']","['model.jpg', 'businesswoman.jpg']",100,67,catch,educate,"['computer.jpg', 'model.jpg', 'horizon.jpg', 'rope.jpg', 'businesswoman.jpg']"
63,3NGI5ARFTURL8T0QF9TCTPGR2TF1P1,A382S0KJMW3K9S,3ZURAPD28897VWD2B4S5SB6VGTWF1I,Submitted,2022-05-19 00:59:01+03:00,random_1443,"['campfire.jpg', 'fire.jpg']","['campfire.jpg', 'fire.jpg']",67,67,heat,toast,"['organism.jpg', 'intestines.jpg', 'reporter.jpg', 'campfire.jpg', 'toilet.jpg', 'fire.jpg']"
64,38YMOXR4MVL6ZOYOX1JOGFF43146W5,A3RTW9UWYKSNWX,3ZURAPD28897VWD2B4S5SB6VGTWF1I,Submitted,2022-05-19 01:39:28+03:00,random_1443,"['campfire.jpg', 'fire.jpg']","['intestines.jpg', 'toilet.jpg']",67,67,cook,expel,"['organism.jpg', 'intestines.jpg', 'reporter.jpg', 'campfire.jpg', 'toilet.jpg', 'fire.jpg']"
65,336KAV9KYREM6SANP0P9BZJ8Y5R2YA,A1HKYY6XI2OHO1,3ZURAPD28897VWD2B4S5SB6VGTWF1I,Submitted,2022-05-19 04:46:07+03:00,random_1443,"['toilet.jpg', 'fire.jpg']","['intestines.jpg', 'toilet.jpg']",67,67,cayenne,cleanse,"['organism.jpg', 'intestines.jpg', 'reporter.jpg', 'campfire.jpg', 'toilet.jpg', 'fire.jpg']"
66,3WZ36BJEV42KDJBPYNVL4BUXD8JTB9,A3UJSDFJ9LBQ6Z,3XU9MCX6VOYBN707L3SDEJUJBNL2RH,Submitted,2022-05-19 00:33:41+03:00,random_1883,"['quarry.jpg', 'drawing.jpg', 'hobo.jpg']","['quarry.jpg', 'gun.jpg']",0,67,wilderness,predator,"['quarry.jpg', 'drawing.jpg', 'switch.jpg', 'hobo.jpg', 'granola.jpg', 'gun.jpg']"
67,3WSELTNVR4OFU96XS9VP90ARVQ4TAK,A1HKYY6XI2OHO1,3XU9MCX6VOYBN707L3SDEJUJBNL2RH,Submitted,2022-05-19 00:50:47+03:00,random_1883,"['hobo.jpg', 'gun.jpg']","['drawing.jpg', 'hobo.jpg']",67,67,outlaw,sketchy,"['quarry.jpg', 'drawing.jpg', 'switch.jpg', 'hobo.jpg', 'granola.jpg', 'gun.jpg']"
68,3CTOC39K38C3X4CU9C51X3LSWGCJ7J,A3RTW9UWYKSNWX,3XU9MCX6VOYBN707L3SDEJUJBNL2RH,Submitted,2022-05-19 01:24:18+03:00,random_1883,"['drawing.jpg', 'granola.jpg']","['quarry.jpg', 'drawing.jpg', 'hobo.jpg']",67,0,trail,log,"['quarry.jpg', 'drawing.jpg', 'switch.jpg', 'hobo.jpg', 'granola.jpg', 'gun.jpg']"
69,3CP1TO84PUNO4403EYKC02LF301258,A3RTW9UWYKSNWX,3NOEP8XAU4ORCANPW09HZEO0NEXXPU,Submitted,2022-05-19 02:05:52+03:00,random_273,"['fork.jpg', 'nail.jpg']","['xbox.jpg', 'zeppelin.jpg']",0,100,stab,light,"['box.jpg', 'fork.jpg', 'nail.jpg', 'xbox.jpg', 'zeppelin.jpg']"
70,31UV0MXWNRYSFPE53154NISWSW0I51,A382S0KJMW3K9S,3NOEP8XAU4ORCANPW09HZEO0NEXXPU,Submitted,2022-05-19 02:31:46+03:00,random_273,"['box.jpg', 'xbox.jpg']","['fork.jpg', 'nail.jpg', 'xbox.jpg']",67,50,rectangle,hold,"['box.jpg', 'fork.jpg', 'nail.jpg', 'xbox.jpg', 'zeppelin.jpg']"
71,3SKRO2GZ72DKX23A2HO4X8US8K6K1I,A1HKYY6XI2OHO1,3NOEP8XAU4ORCANPW09HZEO0NEXXPU,Submitted,2022-05-19 05:06:01+03:00,random_273,"['fork.jpg', 'nail.jpg']","['box.jpg', 'zeppelin.jpg']",67,67,split,engulf,"['box.jpg', 'fork.jpg', 'nail.jpg', 'xbox.jpg', 'zeppelin.jpg']"
72,3NVC2EB65RLBRA66T03EU9O04IT3YM,A1HKYY6XI2OHO1,3DTJ4WT8BD1CKEYEO4HR2N57H7UEZO,Submitted,2022-05-19 00:41:15+03:00,random_1581,"['soldier.jpg', 'luggage.jpg']","['luggage.jpg', 'leftovers.jpg']",67,100,protect,visit,"['picnic.jpg', 'soldier.jpg', 'luggage.jpg', 'orchestra.jpg', 'eraser.jpg', 'leftovers.jpg']"
73,3OUYGIZWR8KL14F8JQPCFKXHX1A0PY,A382S0KJMW3K9S,3DTJ4WT8BD1CKEYEO4HR2N57H7UEZO,Submitted,2022-05-19 01:02:59+03:00,random_1581,"['soldier.jpg', 'orchestra.jpg']","['picnic.jpg', 'leftovers.jpg']",67,67,human,food,"['picnic.jpg', 'soldier.jpg', 'luggage.jpg', 'orchestra.jpg', 'eraser.jpg', 'leftovers.jpg']"
74,373ERPL3YPU7TQSEUKHB4QZ1VV3RT3,A3RTW9UWYKSNWX,3DTJ4WT8BD1CKEYEO4HR2N57H7UEZO,Submitted,2022-05-19 02:16:37+03:00,random_1581,"['eraser.jpg', 'leftovers.jpg']","['soldier.jpg', 'orchestra.jpg']",67,67,note,loud,"['picnic.jpg', 'soldier.jpg', 'luggage.jpg', 'orchestra.jpg', 'eraser.jpg', 'leftovers.jpg']"
75,30IQTZXKALSQADHZ5HZT9XJKZ0G0XJ,A1HKYY6XI2OHO1,30OITAWPBQP9YX73A7VYA20RUKX9HJ,Submitted,2022-05-19 00:46:28+03:00,random_1781,"['soprano.jpg', 'miner.jpg']","['pile.jpg', 'tsunami.jpg']",100,0,angry,leaning,"['soprano.jpg', 'pile.jpg', 'tsunami.jpg', 'survey.jpg', 'hive.jpg', 'miner.jpg']"
76,3WYP994K18DAOTTOC21C1C0KE9Y6YY,A16184N1RO5OJV,30OITAWPBQP9YX73A7VYA20RUKX9HJ,Submitted,2022-05-19 00:59:54+03:00,random_1781,"['soprano.jpg', 'hive.jpg', 'miner.jpg']","['survey.jpg', 'hive.jpg', 'miner.jpg']",50,80,alive,work,"['soprano.jpg', 'pile.jpg', 'tsunami.jpg', 'survey.jpg', 'hive.jpg', 'miner.jpg']"
77,3W8CV64QJ3LBKH5X0900ZMWJEEZH9R,A3RTW9UWYKSNWX,30OITAWPBQP9YX73A7VYA20RUKX9HJ,Submitted,2022-05-19 01:40:20+03:00,random_1781,"['pile.jpg', 'hive.jpg']","['pile.jpg', 'tsunami.jpg']",0,0,stack,fall,"['soprano.jpg', 'pile.jpg', 'tsunami.jpg', 'survey.jpg', 'hive.jpg', 'miner.jpg']"
78,3TMSXRD2X7MBS2XRRV77LJONVQDW1M,A382S0KJMW3K9S,337F8MIIMZZXQRVVV4SMN2QUMBH04C,Submitted,2022-05-19 00:33:56+03:00,random_479,"['cross.jpg', 'infant.jpg']","['cross.jpg', 'infant.jpg']",67,67,blessed,christened,"['chrome.jpg', 'graph.jpg', 'cross.jpg', 'stove.jpg', 'infant.jpg']"
79,3QY7M81QH88Y8OICRX5DYIL5B58K7F,A1HKYY6XI2OHO1,337F8MIIMZZXQRVVV4SMN2QUMBH04C,Submitted,2022-05-19 00:54:11+03:00,random_479,"['chrome.jpg', 'cross.jpg']","['stove.jpg', 'infant.jpg']",0,67,seawards,gas,"['chrome.jpg', 'graph.jpg', 'cross.jpg', 'stove.jpg', 'infant.jpg']"
80,3LOTDFNYA8L2IHRZYUMSALSHW1NWFG,A19UED74G8FXN3,337F8MIIMZZXQRVVV4SMN2QUMBH04C,Submitted,2022-05-19 03:47:02+03:00,random_479,"['cross.jpg', 'infant.jpg']","['chrome.jpg', 'graph.jpg']",67,0,Marriage,Data,"['chrome.jpg', 'graph.jpg', 'cross.jpg', 'stove.jpg', 'infant.jpg']"
81,3WMINLGALCPY8S4M6N0ZKQAN742CAI,A2QX3YJXAAHHVV,3YLPJ8OXX8Z5NH16YGHTWGD5WI24XB,Submitted,2022-05-19 00:36:33+03:00,random_1098,"['sailing.jpg', 'lamp.jpg']","['trousers.jpg', 'sailing.jpg']",67,67,night,black,"['container.jpg', 'chalk.jpg', 'trousers.jpg', 'guy.jpg', 'sailing.jpg', 'lamp.jpg']"
82,3DY46V3X3Q4G31JQWHMAY9ORNAF55Z,A1HKYY6XI2OHO1,3YLPJ8OXX8Z5NH16YGHTWGD5WI24XB,Submitted,2022-05-19 04:48:29+03:00,random_1098,"['container.jpg', 'trousers.jpg']","['guy.jpg', 'sailing.jpg']",67,0,cargo,captain,"['container.jpg', 'chalk.jpg', 'trousers.jpg', 'guy.jpg', 'sailing.jpg', 'lamp.jpg']"
83,3R2PKQ87NXUQNWZBV0MQ4K3IERKIML,A3RTW9UWYKSNWX,3YLPJ8OXX8Z5NH16YGHTWGD5WI24XB,Submitted,2022-05-19 07:09:45+03:00,random_1098,"['container.jpg', 'chalk.jpg', 'guy.jpg']","['container.jpg', 'trousers.jpg']",0,100,blue,cover,"['container.jpg', 'chalk.jpg', 'trousers.jpg', 'guy.jpg', 'sailing.jpg', 'lamp.jpg']"
84,3EFE17QCRDRTPW1W9F0RGH1962MSHB,A3RTW9UWYKSNWX,386659BNTL3GYSYC8M9KP4JRAR701Z,Submitted,2022-05-19 01:27:23+03:00,random_1721,"['olympics.jpg', 'uniform.jpg']","['bunny.jpg', 'lizard.jpg']",67,67,link,prey,"['men.jpg', 'bunny.jpg', 'olympics.jpg', 'lizard.jpg', 'uniform.jpg', 'bud.jpg']"
85,3BC8WZX3V4IUDBFMQVCG4BYJ7ATRRD,A1HKYY6XI2OHO1,386659BNTL3GYSYC8M9KP4JRAR701Z,Submitted,2022-05-19 04:54:37+03:00,random_1721,"['bunny.jpg', 'lizard.jpg']","['men.jpg', 'uniform.jpg']",0,67,pet,fashion,"['men.jpg', 'bunny.jpg', 'olympics.jpg', 'lizard.jpg', 'uniform.jpg', 'bud.jpg']"
86,3U84XHCDIDZWEWZFP0AGILP8ODXZ40,A302KOFOYLD89A,386659BNTL3GYSYC8M9KP4JRAR701Z,Submitted,2022-05-19 06:07:20+03:00,random_1721,"['men.jpg', 'uniform.jpg']","['men.jpg', 'uniform.jpg']",67,0,family,formal,"['men.jpg', 'bunny.jpg', 'olympics.jpg', 'lizard.jpg', 'uniform.jpg', 'bud.jpg']"
87,36V4Q8R5ZLM34UNU88RZDMU450OQMH,A3UJSDFJ9LBQ6Z,3HKIF5DF6YJVY1CSQ1DGP2OQFKK9GK,Submitted,2022-05-19 00:30:11+03:00,random_1688,"['glue.jpg', 'milk.jpg']","['glue.jpg', 'stock.jpg']",67,67,plastic,read,"['glue.jpg', 'milk.jpg', 'stock.jpg', 'knot.jpg', 'cream.jpg', 'washing machine.jpg']"
88,3UXUOQ9OKFJSWB9QF6SO44I96TBA7N,A1HKYY6XI2OHO1,3HKIF5DF6YJVY1CSQ1DGP2OQFKK9GK,Submitted,2022-05-19 00:37:24+03:00,random_1688,"['stock.jpg', 'washing machine.jpg']","['glue.jpg', 'knot.jpg']",100,0,offshore,hobbies,"['glue.jpg', 'milk.jpg', 'stock.jpg', 'knot.jpg', 'cream.jpg', 'washing machine.jpg']"
89,36U2A8VAG2LHN8EDE6VDBV52F4MKYL,A3RTW9UWYKSNWX,3HKIF5DF6YJVY1CSQ1DGP2OQFKK9GK,Submitted,2022-05-19 01:26:49+03:00,random_1688,"['milk.jpg', 'cream.jpg']","['knot.jpg', 'washing machine.jpg']",100,0,energy,fabric,"['glue.jpg', 'milk.jpg', 'stock.jpg', 'knot.jpg', 'cream.jpg', 'washing machine.jpg']"
90,3K9FOBBF2I5YVFSHS4Y39FKA0LVNLB,A1HKYY6XI2OHO1,39KMGHJ4RZWGR3DUC35KBZ0H5Z100W,Submitted,2022-05-19 02:42:10+03:00,random_405,"['nights.jpg', 'crucifix.jpg']","['nights.jpg', 'jogger.jpg']",67,67,elevated,footwear,"['nights.jpg', 'crucifix.jpg', 'jogger.jpg', 'infection.jpg', 'cement.jpg']"
91,3TXWC2NHN0C0AQJDB3CZ303LNQE9S4,A3RTW9UWYKSNWX,39KMGHJ4RZWGR3DUC35KBZ0H5Z100W,Submitted,2022-05-19 06:55:34+03:00,random_405,"['infection.jpg', 'cement.jpg']","['nights.jpg', 'jogger.jpg']",100,67,bisect,shoes,"['nights.jpg', 'crucifix.jpg', 'jogger.jpg', 'infection.jpg', 'cement.jpg']"
92,345LHZDEDYEUA1M1JZ6PROIN8WFU3G,A382S0KJMW3K9S,39KMGHJ4RZWGR3DUC35KBZ0H5Z100W,Submitted,2022-05-19 14:34:37+03:00,random_405,"['nights.jpg', 'jogger.jpg']","['nights.jpg', 'jogger.jpg']",67,67,shoes,footwear,"['nights.jpg', 'crucifix.jpg', 'jogger.jpg', 'infection.jpg', 'cement.jpg']"
93,3SB5N7Y3O4QFORM9G7ZPLBJPWAF0GM,A3UJSDFJ9LBQ6Z,3VI0PC2ZAY69RABOH0W2AEJAD91XOD,Submitted,2022-05-19 00:27:30+03:00,random_450,"['bowl.jpg', 'jam.jpg']","['bowl.jpg', 'jam.jpg']",67,67,receptacle,bake,"['stripe.jpg', 'gauze.jpg', 'bowl.jpg', 'jam.jpg', 'nose.jpg']"
94,3OUYGIZWR8KL14F8JQPCFKXHX2J0P9,A3RTW9UWYKSNWX,3VI0PC2ZAY69RABOH0W2AEJAD91XOD,Submitted,2022-05-19 02:20:57+03:00,random_450,"['bowl.jpg', 'jam.jpg']","['gauze.jpg', 'jam.jpg']",67,0,mix,preserve,"['stripe.jpg', 'gauze.jpg', 'bowl.jpg', 'jam.jpg', 'nose.jpg']"
95,3QEMNNSB2YLQUIC2ZGJQU5QFRXP7D5,A1HKYY6XI2OHO1,3VI0PC2ZAY69RABOH0W2AEJAD91XOD,Submitted,2022-05-19 02:48:15+03:00,random_450,"['bowl.jpg', 'jam.jpg']","['jam.jpg', 'nose.jpg']",67,67,bismarks,powdered,"['stripe.jpg', 'gauze.jpg', 'bowl.jpg', 'jam.jpg', 'nose.jpg']"
96,3LUY3GC630MZJFFS4PALUZ745F87PX,A3UJSDFJ9LBQ6Z,3V8JSVE8YYCCFOO9SIF8OGW5BDQEYX,Submitted,2022-05-19 00:31:15+03:00,random_1914,"['field.jpg', 'drinking.jpg']","['scalpel.jpg', 'dwarf.jpg']",67,0,getaway,tool,"['scalpel.jpg', 'field.jpg', 'drinking.jpg', 'keyboard.jpg', 'nickel.jpg', 'dwarf.jpg']"
97,3EO896NRAXHQV291MF822ZDALDWTJY,A302KOFOYLD89A,3V8JSVE8YYCCFOO9SIF8OGW5BDQEYX,Submitted,2022-05-19 00:38:29+03:00,random_1914,"['nickel.jpg', 'dwarf.jpg']","['field.jpg', 'drinking.jpg']",67,67,treasure,cloudy,"['scalpel.jpg', 'field.jpg', 'drinking.jpg', 'keyboard.jpg', 'nickel.jpg', 'dwarf.jpg']"
98,3R08VXYT7DHP3OCTGBOGMTF0YDI7W1,A1HKYY6XI2OHO1,3V8JSVE8YYCCFOO9SIF8OGW5BDQEYX,Submitted,2022-05-19 05:38:41+03:00,random_1914,"['nickel.jpg', 'dwarf.jpg']","['scalpel.jpg', 'drinking.jpg']",0,100,miner,stalker,"['scalpel.jpg', 'field.jpg', 'drinking.jpg', 'keyboard.jpg', 'nickel.jpg', 'dwarf.jpg']"
99,3NL0RFNU0G91P10TPZ76V61VK4UK49,A382S0KJMW3K9S,3QQUBC64ZE0R9PBCGLWPVPJ5NZWXNY,Submitted,2022-05-19 02:33:44+03:00,random_701,"['mud.jpg', 'hostage.jpg']","['mud.jpg', 'hostage.jpg']",67,67,stuck,trapped,"['diving.jpg', 'mud.jpg', 'chlorine.jpg', 'haystack.jpg', 'hostage.jpg']"
100,3FUI0JHJPYKAB79I4FAO4FSNVIZ33J,A1HKYY6XI2OHO1,3QQUBC64ZE0R9PBCGLWPVPJ5NZWXNY,Submitted,2022-05-19 05:08:14+03:00,random_701,"['mud.jpg', 'hostage.jpg']","['diving.jpg', 'chlorine.jpg']",0,67,assault,pool,"['diving.jpg', 'mud.jpg', 'chlorine.jpg', 'haystack.jpg', 'hostage.jpg']"
101,3Q5C1WP23NNHFJI7VUKYVJBABUG51N,A302KOFOYLD89A,3QQUBC64ZE0R9PBCGLWPVPJ5NZWXNY,Submitted,2022-05-19 06:14:29+03:00,random_701,"['diving.jpg', 'mud.jpg']","['mud.jpg', 'hostage.jpg']",0,67,submerge,struggle,"['diving.jpg', 'mud.jpg', 'chlorine.jpg', 'haystack.jpg', 'hostage.jpg']"
102,32EYX73OY1VMT373UP7L9ML3E88RUQ,A3RTW9UWYKSNWX,38XPGNCKHTMDJSWBY1GB8VGKG7U4V8,Submitted,2022-05-19 01:53:56+03:00,random_1649,"['crosswalk.jpg', 'cattle.jpg']","['bait.jpg', 'vaccine.jpg']",0,67,steer,stab,"['bait.jpg', 'crosswalk.jpg', 'den.jpg', 'vaccine.jpg', 'fountain.jpg', 'cattle.jpg']"
103,3LRKMWOKB63MBIKSLMRSP6SA4ZX2Z3,A1HKYY6XI2OHO1,38XPGNCKHTMDJSWBY1GB8VGKG7U4V8,Submitted,2022-05-19 04:57:35+03:00,random_1649,"['den.jpg', 'cattle.jpg']","['den.jpg', 'vaccine.jpg']",67,100,camp,mandatory,"['bait.jpg', 'crosswalk.jpg', 'den.jpg', 'vaccine.jpg', 'fountain.jpg', 'cattle.jpg']"
104,34J10VATJGKH8BX3NTT7LTNNOT5QI6,A382S0KJMW3K9S,38XPGNCKHTMDJSWBY1GB8VGKG7U4V8,Submitted,2022-05-19 14:28:48+03:00,random_1649,"['den.jpg', 'vaccine.jpg']","['den.jpg', 'vaccine.jpg']",100,67,masks,pandemic,"['bait.jpg', 'crosswalk.jpg', 'den.jpg', 'vaccine.jpg', 'fountain.jpg', 'cattle.jpg']"
105,3S96KQ6I9NQDSG99CJMRZ1IXGT5DTA,A377LTGWJKY2IW,3ZICQFRS314AV9PAKRV4NX6P5D2ZZE,Submitted,2022-05-19 01:19:19+03:00,random_1554,"['knight.jpg', 'arm.jpg']","['mint.jpg', 'coop.jpg', 'pumpkin.jpg']",67,0,mobile,agriculture,"['ball.jpg', 'knight.jpg', 'arm.jpg', 'mint.jpg', 'coop.jpg', 'pumpkin.jpg']"
106,3VNL7UK1XG5AQ0N53PHHN1LIS6NTF3,A3RTW9UWYKSNWX,3ZICQFRS314AV9PAKRV4NX6P5D2ZZE,Submitted,2022-05-19 01:30:06+03:00,random_1554,"['ball.jpg', 'pumpkin.jpg']","['knight.jpg', 'coop.jpg']",67,100,orb,red,"['ball.jpg', 'knight.jpg', 'arm.jpg', 'mint.jpg', 'coop.jpg', 'pumpkin.jpg']"
107,3VFJCI1K40L3OL68AKI457KC51JGR7,A1HKYY6XI2OHO1,3ZICQFRS314AV9PAKRV4NX6P5D2ZZE,Submitted,2022-05-19 05:03:03+03:00,random_1554,"['ball.jpg', 'pumpkin.jpg']","['mint.jpg', 'pumpkin.jpg']",67,67,roll,harvest,"['ball.jpg', 'knight.jpg', 'arm.jpg', 'mint.jpg', 'coop.jpg', 'pumpkin.jpg']"
108,3HVVDCPGTFEGQR408F95CMSYYH3YTV,A1HKYY6XI2OHO1,378G7J1SJLK8QJT9DHXK3JBP05QEWY,Submitted,2022-05-19 00:29:58+03:00,random_1680,"['plumbing.jpg', 'drinking.jpg']","['shirt.jpg', 'drinking.jpg']",100,0,flush,beergoggles,"['dime.jpg', 'shirt.jpg', 'basket.jpg', 'plumbing.jpg', 'drinking.jpg', 'manure.jpg']"
109,3ZDAD0O1T2ZRQMEQ3JN3T8LPWBNXT2,A3RTW9UWYKSNWX,378G7J1SJLK8QJT9DHXK3JBP05QEWY,Submitted,2022-05-19 02:08:34+03:00,random_1680,"['shirt.jpg', 'drinking.jpg', 'manure.jpg']","['dime.jpg', 'manure.jpg']",80,67,hold,small,"['dime.jpg', 'shirt.jpg', 'basket.jpg', 'plumbing.jpg', 'drinking.jpg', 'manure.jpg']"
110,31Z0PCVWUL1XB78ZL6J5Z981UKW7T9,A382S0KJMW3K9S,378G7J1SJLK8QJT9DHXK3JBP05QEWY,Submitted,2022-05-19 14:57:37+03:00,random_1680,"['shirt.jpg', 'drinking.jpg', 'manure.jpg']","['shirt.jpg', 'drinking.jpg']",80,67,alive,human,"['dime.jpg', 'shirt.jpg', 'basket.jpg', 'plumbing.jpg', 'drinking.jpg', 'manure.jpg']"
111,39LOEL67OTRWC4FOGW5KVW0YB3Z83M,A3RTW9UWYKSNWX,3XDJY5RK5S7D6D7BTB66C9E120L4UJ,Submitted,2022-05-19 01:41:10+03:00,random_1105,"['mineral.jpg', 'camera.jpg']","['radish.jpg', 'nostril.jpg']",100,67,flash,hair,"['radish.jpg', 'mineral.jpg', 'nostril.jpg', 'molasses.jpg', 'camera.jpg', 'drums.jpg']"
112,3I7DHKZYGOM85YCF2TZJKLF4C495FY,A1HKYY6XI2OHO1,3XDJY5RK5S7D6D7BTB66C9E120L4UJ,Submitted,2022-05-19 02:40:47+03:00,random_1105,"['radish.jpg', 'drums.jpg']","['nostril.jpg', 'camera.jpg']",67,0,pound,paparazzi,"['radish.jpg', 'mineral.jpg', 'nostril.jpg', 'molasses.jpg', 'camera.jpg', 'drums.jpg']"
113,3GD6L00D3TJFNQ3DNT1KCLMWXQXM1N,A382S0KJMW3K9S,3XDJY5RK5S7D6D7BTB66C9E120L4UJ,Submitted,2022-05-19 14:23:16+03:00,random_1105,"['camera.jpg', 'drums.jpg']","['camera.jpg', 'drums.jpg']",67,67,concert,performance,"['radish.jpg', 'mineral.jpg', 'nostril.jpg', 'molasses.jpg', 'camera.jpg', 'drums.jpg']"
114,358UUM7WR0PKVSV7HHEAZU7J6XZ7RS,A382S0KJMW3K9S,3J5XXLQDHMXS1WD7YNBSYQOE27XV3D,Submitted,2022-05-19 00:35:15+03:00,random_1118,"['yacht.jpg', 'sky.jpg']","['yacht.jpg', 'sky.jpg']",67,67,breeze,sky,"['yacht.jpg', 'racket.jpg', 'inhaler.jpg', 'ruler.jpg', 'sky.jpg', 'marker.jpg']"
115,3634BBTX0PGKHM7U9DID9UJ9HP9IFD,A3RTW9UWYKSNWX,3J5XXLQDHMXS1WD7YNBSYQOE27XV3D,Submitted,2022-05-19 01:44:26+03:00,random_1118,"['yacht.jpg', 'inhaler.jpg']","['ruler.jpg', 'marker.jpg']",67,67,exhaust,gray,"['yacht.jpg', 'racket.jpg', 'inhaler.jpg', 'ruler.jpg', 'sky.jpg', 'marker.jpg']"
116,3WRFBPLXRBAHFB2SMYU3DTQT0ZKN3D,A302KOFOYLD89A,3J5XXLQDHMXS1WD7YNBSYQOE27XV3D,Submitted,2022-05-19 04:25:56+03:00,random_1118,"['inhaler.jpg', 'sky.jpg']","['yacht.jpg', 'sky.jpg']",0,100,breathe,float,"['yacht.jpg', 'racket.jpg', 'inhaler.jpg', 'ruler.jpg', 'sky.jpg', 'marker.jpg']"
117,34QN5IT0T0D0VCGRX9N1TY2R8SI80W,A302KOFOYLD89A,3JUDR1D0D6DBB6L78O3D9TKEF1J2QG,Submitted,2022-05-19 02:11:01+03:00,random_898,"['hike.jpg', 'wrestler.jpg']","['hike.jpg', 'wrestler.jpg']",67,0,stand,conquer,"['hike.jpg', 'pork.jpg', 'citizen.jpg', 'wrestler.jpg', 'dorm.jpg']"
118,3EA3QWIZ4JHU0RPV4XN2QYYA8Z8TIP,A1HKYY6XI2OHO1,3JUDR1D0D6DBB6L78O3D9TKEF1J2QG,Submitted,2022-05-19 05:03:46+03:00,random_898,"['pork.jpg', 'wrestler.jpg']","['citizen.jpg', 'wrestler.jpg']",0,67,beef,round,"['hike.jpg', 'pork.jpg', 'citizen.jpg', 'wrestler.jpg', 'dorm.jpg']"
119,3GU1KF0O4JNMLRIIH6M1Z1T0O6ABP0,A3RTW9UWYKSNWX,3JUDR1D0D6DBB6L78O3D9TKEF1J2QG,Submitted,2022-05-19 06:53:25+03:00,random_898,"['pork.jpg', 'citizen.jpg']","['pork.jpg', 'wrestler.jpg']",67,67,breakfast,smell,"['hike.jpg', 'pork.jpg', 'citizen.jpg', 'wrestler.jpg', 'dorm.jpg']"
120,3L4D84MIL0E0QTI6MLRDOGAMAJ8HJJ,A3RTW9UWYKSNWX,3UOMW19E6DSZG2UBLP4GNVY9VW9C5M,Submitted,2022-05-19 01:22:55+03:00,random_1647,"['author.jpg', 'spreadsheet.jpg']","['heart.jpg', 'bell.jpg']",67,67,number,thump,"['batman.jpg', 'author.jpg', 'heart.jpg', 'spreadsheet.jpg', 'broom.jpg', 'bell.jpg']"
121,3QBD8R3Z225KFSL8NRZZ2NI4495O4Y,A1HKYY6XI2OHO1,3UOMW19E6DSZG2UBLP4GNVY9VW9C5M,Submitted,2022-05-19 02:44:39+03:00,random_1647,"['author.jpg', 'spreadsheet.jpg']","['batman.jpg', 'heart.jpg']",100,100,numerics,valor,"['batman.jpg', 'author.jpg', 'heart.jpg', 'spreadsheet.jpg', 'broom.jpg', 'bell.jpg']"
122,3P4MQ7TPPYYKHXH8Y1404HOB73DBBZ,A1PBRKFHSF1OF8,3UOMW19E6DSZG2UBLP4GNVY9VW9C5M,Submitted,2022-05-19 11:49:28+03:00,random_1647,"['author.jpg', 'spreadsheet.jpg']","['batman.jpg', 'author.jpg', 'heart.jpg']",67,50,numbers,alive,"['batman.jpg', 'author.jpg', 'heart.jpg', 'spreadsheet.jpg', 'broom.jpg', 'bell.jpg']"
123,3XM0HYN6NLLKSUU2RXOR09ZLR2QPEF,A3RTW9UWYKSNWX,322ZSN9Z5G6Y60SMT6GW7DSZJME4TS,Submitted,2022-05-19 01:54:24+03:00,random_1675,"['bulb.jpg', 'poet.jpg']","['slap.jpg', 'door.jpg']",100,67,communicate,slam,"['hip.jpg', 'slap.jpg', 'bulb.jpg', 'jam.jpg', 'poet.jpg', 'door.jpg']"
124,3PZDLQMM0U793P9IT87KE8RPVH62CZ,A1HKYY6XI2OHO1,322ZSN9Z5G6Y60SMT6GW7DSZJME4TS,Submitted,2022-05-19 04:24:40+03:00,random_1675,"['hip.jpg', 'door.jpg']","['hip.jpg', 'bulb.jpg']",67,0,frame,spirals,"['hip.jpg', 'slap.jpg', 'bulb.jpg', 'jam.jpg', 'poet.jpg', 'door.jpg']"
125,31IBVUNM9TLP3SRU8KHWOJ93PSRVFB,A302KOFOYLD89A,322ZSN9Z5G6Y60SMT6GW7DSZJME4TS,Submitted,2022-05-19 04:28:30+03:00,random_1675,"['slap.jpg', 'poet.jpg']","['bulb.jpg', 'jam.jpg']",67,67,reach,glass,"['hip.jpg', 'slap.jpg', 'bulb.jpg', 'jam.jpg', 'poet.jpg', 'door.jpg']"
126,3NL0RFNU0G91P10TPZ76V61VK3H4KE,A1HKYY6XI2OHO1,3ZG552ORAMQ3GEHOUNXNFGJMWTXV22,Submitted,2022-05-19 00:48:00+03:00,random_1722,"['meth.jpg', 'president.jpg']","['gondola.jpg', 'sweetener.jpg']",100,67,banned,inverted,"['meth.jpg', 'president.jpg', 'gondola.jpg', 'breakfast.jpg', 'arms.jpg', 'sweetener.jpg']"
127,3SPJ033422PMCO8VWLV1AG5P0FPJYO,A302KOFOYLD89A,3ZG552ORAMQ3GEHOUNXNFGJMWTXV22,Submitted,2022-05-19 01:51:41+03:00,random_1722,"['president.jpg', 'arms.jpg']","['president.jpg', 'arms.jpg']",67,67,victory,winner,"['meth.jpg', 'president.jpg', 'gondola.jpg', 'breakfast.jpg', 'arms.jpg', 'sweetener.jpg']"
128,3EJPLAJKEN2ATJ3T8O3VFJ9MK46Z6O,A3RTW9UWYKSNWX,3ZG552ORAMQ3GEHOUNXNFGJMWTXV22,Submitted,2022-05-19 07:01:48+03:00,random_1722,"['president.jpg', 'arms.jpg', 'sweetener.jpg']","['gondola.jpg', 'breakfast.jpg']",50,100,single,container,"['meth.jpg', 'president.jpg', 'gondola.jpg', 'breakfast.jpg', 'arms.jpg', 'sweetener.jpg']"
129,3S3AMIZX3VRW6Z7YQXR1ARITS70DCM,A2QX3YJXAAHHVV,3H781YYV6T4GY2PFICS9GZ4QWB8ET8,Submitted,2022-05-19 00:44:37+03:00,random_599,"['fountain.jpg', 'van.jpg', 'sleep.jpg']","['sleep.jpg', 'warrior.jpg']",50,67,circle,bare,"['fountain.jpg', 'van.jpg', 'sleep.jpg', 'reptile.jpg', 'warrior.jpg']"
130,3WQ3B2KGE92J4ZZGW4BBY5B2LPZB1P,A1HKYY6XI2OHO1,3H781YYV6T4GY2PFICS9GZ4QWB8ET8,Submitted,2022-05-19 00:51:34+03:00,random_599,"['sleep.jpg', 'warrior.jpg']","['fountain.jpg', 'reptile.jpg']",0,67,knockout,aesthetic,"['fountain.jpg', 'van.jpg', 'sleep.jpg', 'reptile.jpg', 'warrior.jpg']"
131,3ON104KXQLISK1UAEDQ9JHVQ7AXW49,A3RTW9UWYKSNWX,3H781YYV6T4GY2PFICS9GZ4QWB8ET8,Submitted,2022-05-19 01:37:24+03:00,random_599,"['fountain.jpg', 'van.jpg']","['van.jpg', 'sleep.jpg']",67,67,outside,safe,"['fountain.jpg', 'van.jpg', 'sleep.jpg', 'reptile.jpg', 'warrior.jpg']"
132,39RP059MEIFG0OL5PQU9IXZ5J0QMB4,A1HKYY6XI2OHO1,3EAWOID6MTJWK4EAF0T9WSQ7ZVDV0I,Submitted,2022-05-19 00:30:43+03:00,random_392,"['driveway.jpg', 'hoodie.jpg']","['constellation.jpg', 'chrome.jpg']",67,0,burglary,universal,"['driveway.jpg', 'pie.jpg', 'hoodie.jpg', 'constellation.jpg', 'chrome.jpg']"
133,351SEKWQS139FLJP3MLFDNN5ML4DM4,A382S0KJMW3K9S,3EAWOID6MTJWK4EAF0T9WSQ7ZVDV0I,Submitted,2022-05-19 00:40:53+03:00,random_392,"['driveway.jpg', 'pie.jpg', 'hoodie.jpg']","['driveway.jpg', 'pie.jpg', 'hoodie.jpg']",80,80,dinner,lunch,"['driveway.jpg', 'pie.jpg', 'hoodie.jpg', 'constellation.jpg', 'chrome.jpg']"
134,3L2IS5HSFB41E5FB1IQ402GTDBJNUY,A3RTW9UWYKSNWX,3EAWOID6MTJWK4EAF0T9WSQ7ZVDV0I,Submitted,2022-05-19 01:50:07+03:00,random_392,"['driveway.jpg', 'constellation.jpg']","['pie.jpg', 'constellation.jpg']",67,67,light,pattern,"['driveway.jpg', 'pie.jpg', 'hoodie.jpg', 'constellation.jpg', 'chrome.jpg']"
135,33C7UALJVMK02119TSR173L1DKO81Z,A3RTW9UWYKSNWX,3I7SHAD35MIRCSKLM7DROBHHGG87ME,Submitted,2022-05-19 02:09:40+03:00,random_337,"['bomb.jpg', 'executioner.jpg']","['prize.jpg', 'kleenex.jpg']",67,67,dead,polish,"['prize.jpg', 'bomb.jpg', 'executioner.jpg', 'kleenex.jpg', 'bicycle.jpg']"
136,3DIP6YHAPDEZM2VL5GMGEN4V2TV8EL,A382S0KJMW3K9S,3I7SHAD35MIRCSKLM7DROBHHGG87ME,Submitted,2022-05-19 02:40:39+03:00,random_337,"['bomb.jpg', 'executioner.jpg']","['bomb.jpg', 'executioner.jpg']",67,67,death,murder,"['prize.jpg', 'bomb.jpg', 'executioner.jpg', 'kleenex.jpg', 'bicycle.jpg']"
137,3ZR9AIQJUCVZCBTPL6XOCMMM66R04M,A1HKYY6XI2OHO1,3I7SHAD35MIRCSKLM7DROBHHGG87ME,Submitted,2022-05-19 02:55:55+03:00,random_337,"['bomb.jpg', 'kleenex.jpg']","['prize.jpg', 'bicycle.jpg']",0,67,blow,record,"['prize.jpg', 'bomb.jpg', 'executioner.jpg', 'kleenex.jpg', 'bicycle.jpg']"
138,3DEL4X4EL77N78DKDPA21PD4BE6XYU,A382S0KJMW3K9S,367O8HRHKGUXR0F746B6X8WDH304S3,Submitted,2022-05-19 02:18:53+03:00,random_750,"['jug.jpg', 'drool.jpg']","['jug.jpg', 'drool.jpg']",67,67,milk,juice,"['husk.jpg', 'jug.jpg', 'drool.jpg', 'ornament.jpg', 'skip.jpg']"
139,3PM8NZGV8Z2EY6MYMFT8O3A2C59QX4,A1HKYY6XI2OHO1,367O8HRHKGUXR0F746B6X8WDH304S3,Submitted,2022-05-19 04:35:53+03:00,random_750,"['husk.jpg', 'jug.jpg']","['drool.jpg', 'ornament.jpg']",67,100,snacktime,fingerpainter,"['husk.jpg', 'jug.jpg', 'drool.jpg', 'ornament.jpg', 'skip.jpg']"
140,3JZQSN0I3RW6LV1ZJPIAOI6T2DFGFJ,A3RTW9UWYKSNWX,367O8HRHKGUXR0F746B6X8WDH304S3,Submitted,2022-05-19 06:53:59+03:00,random_750,"['husk.jpg', 'skip.jpg']","['jug.jpg', 'drool.jpg']",67,67,orange,runny,"['husk.jpg', 'jug.jpg', 'drool.jpg', 'ornament.jpg', 'skip.jpg']"
141,3AMYWKA6YC8YUFPM6FSEZL2I0ZX6OL,A1HKYY6XI2OHO1,3SBX2M1TKD9LEK0UC2M128HCZFF4QE,Submitted,2022-05-19 00:47:14+03:00,random_362,"['tiger.jpg', 'marsupial.jpg']","['marsupial.jpg', 'intersection.jpg']",0,67,foodchain,speedlimits,"['tiger.jpg', 'marsupial.jpg', 'intersection.jpg', 'bees.jpg', 'husk.jpg']"
142,323Q6SJS8J2KLRWA3V0S9IIUHCWHFL,A302KOFOYLD89A,3SBX2M1TKD9LEK0UC2M128HCZFF4QE,Submitted,2022-05-19 02:03:56+03:00,random_362,"['tiger.jpg', 'marsupial.jpg']","['tiger.jpg', 'marsupial.jpg']",0,67,fur,smell,"['tiger.jpg', 'marsupial.jpg', 'intersection.jpg', 'bees.jpg', 'husk.jpg']"
143,30BUDKLTXEHGZKCJ7IFD23U403SE5N,A3RTW9UWYKSNWX,3SBX2M1TKD9LEK0UC2M128HCZFF4QE,Submitted,2022-05-19 02:23:17+03:00,random_362,"['tiger.jpg', 'marsupial.jpg']","['tiger.jpg', 'intersection.jpg', 'bees.jpg']",67,0,soft,stripes,"['tiger.jpg', 'marsupial.jpg', 'intersection.jpg', 'bees.jpg', 'husk.jpg']"
144,3S96KQ6I9NQDSG99CJMRZ1IXGUFTD2,A1HKYY6XI2OHO1,3D4BBDG7ZHIW2N7776GN8Y0PH0IC3W,Submitted,2022-05-19 02:46:54+03:00,random_1616,"['dandelion.jpg', 'butterfly.jpg']","['cabbage.jpg', 'buffalo.jpg']",67,0,allergies,herbivores,"['cabbage.jpg', 'park.jpg', 'dandelion.jpg', 'butterfly.jpg', 'washing.jpg', 'buffalo.jpg']"
145,34MAJL3QP59VT3SM4TF7EKKT9IZ348,A302KOFOYLD89A,3D4BBDG7ZHIW2N7776GN8Y0PH0IC3W,Submitted,2022-05-19 06:18:57+03:00,random_1616,"['cabbage.jpg', 'washing.jpg']","['butterfly.jpg', 'washing.jpg']",67,67,lunch,orange,"['cabbage.jpg', 'park.jpg', 'dandelion.jpg', 'butterfly.jpg', 'washing.jpg', 'buffalo.jpg']"
146,3WJ1OXY92B2WWPE9PBKUI4E4HEP8AI,A3RTW9UWYKSNWX,3D4BBDG7ZHIW2N7776GN8Y0PH0IC3W,Submitted,2022-05-19 06:50:21+03:00,random_1616,"['park.jpg', 'washing.jpg']","['dandelion.jpg', 'butterfly.jpg']",67,67,slippery,smell,"['cabbage.jpg', 'park.jpg', 'dandelion.jpg', 'butterfly.jpg', 'washing.jpg', 'buffalo.jpg']"
147,3TGOYF991Y8E9VZKYJ2QEX8NL7CUUX,A3RTW9UWYKSNWX,36BTXXLZ2VULQLFUPHB17YRHV1H4RF,Submitted,2022-05-19 01:59:08+03:00,random_1465,"['rose.jpg', 'shadow.jpg']","['lab.jpg', 'cake.jpg']",67,100,red,burn,"['sloth.jpg', 'noodle.jpg', 'lab.jpg', 'rose.jpg', 'shadow.jpg', 'cake.jpg']"
148,3C6FJU71TRFVQ4JP8KZFHIE0HWUUY4,A382S0KJMW3K9S,36BTXXLZ2VULQLFUPHB17YRHV1H4RF,Submitted,2022-05-19 03:00:46+03:00,random_1465,"['noodle.jpg', 'cake.jpg']","['noodle.jpg', 'cake.jpg']",67,67,food,edible,"['sloth.jpg', 'noodle.jpg', 'lab.jpg', 'rose.jpg', 'shadow.jpg', 'cake.jpg']"
149,3YWRV122CTLGBYS7VG1LI5QYOHCU8B,A1HKYY6XI2OHO1,36BTXXLZ2VULQLFUPHB17YRHV1H4RF,Submitted,2022-05-19 05:30:29+03:00,random_1465,"['sloth.jpg', 'lab.jpg']","['noodle.jpg', 'cake.jpg']",100,67,discover,sleepover,"['sloth.jpg', 'noodle.jpg', 'lab.jpg', 'rose.jpg', 'shadow.jpg', 'cake.jpg']"
150,3SEPORI8WOLBGLFWY1K7VOB8GMTAZK,A382S0KJMW3K9S,3ZXNP4Z39R776A20MVCCOY2SGBI7LC,Submitted,2022-05-19 01:10:02+03:00,random_1202,"['boxing.jpg', 'bomber.jpg']","['boxing.jpg', 'cap.jpg', 'bomber.jpg']",67,50,man,clothing,"['badger.jpg', 'sphere.jpg', 'boxing.jpg', 'cap.jpg', 'cream.jpg', 'bomber.jpg']"
151,354P56DE9LPWW7VKW6EFP4CFS0VS7G,A3RTW9UWYKSNWX,3ZXNP4Z39R776A20MVCCOY2SGBI7LC,Submitted,2022-05-19 02:18:19+03:00,random_1202,"['sphere.jpg', 'cream.jpg']","['cap.jpg', 'cream.jpg']",67,67,reflect,top,"['badger.jpg', 'sphere.jpg', 'boxing.jpg', 'cap.jpg', 'cream.jpg', 'bomber.jpg']"
152,30OG32W0SVXKP9IPBIBZWKUQROINEC,A1HKYY6XI2OHO1,3ZXNP4Z39R776A20MVCCOY2SGBI7LC,Submitted,2022-05-19 05:43:12+03:00,random_1202,"['boxing.jpg', 'bomber.jpg']","['badger.jpg', 'sphere.jpg']",100,67,stance,chase,"['badger.jpg', 'sphere.jpg', 'boxing.jpg', 'cap.jpg', 'cream.jpg', 'bomber.jpg']"
153,39RP059MEIFG0OL5PQU9IXZ5J01MBF,A3RTW9UWYKSNWX,3GITHABACY7Q898FSWBW5ZP9AQW2NT,Submitted,2022-05-19 01:45:04+03:00,random_1212,"['pregnancy.jpg', 'wizard.jpg']","['varnish.jpg', 'wizard.jpg']",67,67,age,wood,"['button.jpg', 'pregnancy.jpg', 'wire.jpg', 'ramp.jpg', 'varnish.jpg', 'wizard.jpg']"
154,3KXIR214I5268LW30T12VAF134P42O,A1HKYY6XI2OHO1,3GITHABACY7Q898FSWBW5ZP9AQW2NT,Submitted,2022-05-19 04:23:17+03:00,random_1212,"['ramp.jpg', 'wizard.jpg']","['pregnancy.jpg', 'wizard.jpg']",67,67,hobbits,grandfather,"['button.jpg', 'pregnancy.jpg', 'wire.jpg', 'ramp.jpg', 'varnish.jpg', 'wizard.jpg']"
155,3P4RDNWND6S0MOTQS39YOSB1AYDIJ7,A382S0KJMW3K9S,3GITHABACY7Q898FSWBW5ZP9AQW2NT,Submitted,2022-05-19 14:16:19+03:00,random_1212,"['pregnancy.jpg', 'varnish.jpg']","['pregnancy.jpg', 'varnish.jpg']",100,67,words,text,"['button.jpg', 'pregnancy.jpg', 'wire.jpg', 'ramp.jpg', 'varnish.jpg', 'wizard.jpg']"
156,3RU7GD8VPPFL2DZKSS8WPQ30STPSP9,A382S0KJMW3K9S,37VUR2VJ6AB0SKTSK224K5LSJG4C14,Submitted,2022-05-19 00:45:03+03:00,random_985,"['handyman.jpg', 'moat.jpg']","['handyman.jpg', 'moat.jpg']",67,67,construction,repair,"['fast food.jpg', 'goose.jpg', 'check.jpg', 'handyman.jpg', 'moat.jpg', 'petrol.jpg']"
157,3LOZAJ85YEZX6NKDK437SLCZWZF2XM,A1HKYY6XI2OHO1,37VUR2VJ6AB0SKTSK224K5LSJG4C14,Submitted,2022-05-19 02:50:04+03:00,random_985,"['check.jpg', 'petrol.jpg']","['goose.jpg', 'moat.jpg']",67,0,astronomical,moat,"['fast food.jpg', 'goose.jpg', 'check.jpg', 'handyman.jpg', 'moat.jpg', 'petrol.jpg']"
158,3J88R45B2HKTYULJM2EJOYKS79RPXG,AHB3QFZSFN9DL,37VUR2VJ6AB0SKTSK224K5LSJG4C14,Submitted,2022-05-19 05:02:56+03:00,random_985,"['fast food.jpg', 'petrol.jpg']","['fast food.jpg', 'goose.jpg']",67,0,Filling,Edible,"['fast food.jpg', 'goose.jpg', 'check.jpg', 'handyman.jpg', 'moat.jpg', 'petrol.jpg']"
159,3OWEPKL08AYZGU3FOAXTQA295077N1,A3UJSDFJ9LBQ6Z,3HXCEECSQMFAQJF5O5TL9QXNZJYZYN,Submitted,2022-05-19 00:22:28+03:00,random_1338,"['kick.jpg', 'axe.jpg']","['barrier.jpg', 'ranch.jpg']",100,67,defense,logo,"['kick.jpg', 'axe.jpg', 'barrier.jpg', 'starch.jpg', 'spark.jpg', 'ranch.jpg']"
160,3QIYRE09Y43L58ODZUGKP0BW2EC1N3,A382S0KJMW3K9S,3HXCEECSQMFAQJF5O5TL9QXNZJYZYN,Submitted,2022-05-19 00:50:23+03:00,random_1338,"['kick.jpg', 'axe.jpg']","['kick.jpg', 'axe.jpg']",67,67,chop,strike,"['kick.jpg', 'axe.jpg', 'barrier.jpg', 'starch.jpg', 'spark.jpg', 'ranch.jpg']"
161,3Y9N9SS8LZX8TZBFX4G0HOEZMUUD3V,A3RTW9UWYKSNWX,3HXCEECSQMFAQJF5O5TL9QXNZJYZYN,Submitted,2022-05-19 01:25:46+03:00,random_1338,"['starch.jpg', 'ranch.jpg']","['kick.jpg', 'axe.jpg']",0,67,white,defend,"['kick.jpg', 'axe.jpg', 'barrier.jpg', 'starch.jpg', 'spark.jpg', 'ranch.jpg']"
162,39LNWE0K4VI9044K42DCVUKCRCDUID,A2QX3YJXAAHHVV,3LCXHSGDLTSFJ2C0TCNJ6U84USUESJ,Submitted,2022-05-19 00:32:43+03:00,random_1280,"['thunder.jpg', 'badge.jpg']","['badge.jpg', 'hotel.jpg']",67,67,strike,security,"['thunder.jpg', 'cabbage.jpg', 'badge.jpg', 'polish.jpg', 'biscuit.jpg', 'hotel.jpg']"
163,31HQ4X3T3TWVBSKM00FP89UGNJXSLK,A3RTW9UWYKSNWX,3LCXHSGDLTSFJ2C0TCNJ6U84USUESJ,Submitted,2022-05-19 01:41:52+03:00,random_1280,"['thunder.jpg', 'badge.jpg']","['cabbage.jpg', 'biscuit.jpg']",67,67,danger,stomach,"['thunder.jpg', 'cabbage.jpg', 'badge.jpg', 'polish.jpg', 'biscuit.jpg', 'hotel.jpg']"
164,3ZWFC4W1UVTXALADZ0CMNMK04MWFRK,A382S0KJMW3K9S,3LCXHSGDLTSFJ2C0TCNJ6U84USUESJ,Submitted,2022-05-19 02:20:22+03:00,random_1280,"['thunder.jpg', 'hotel.jpg']","['thunder.jpg', 'hotel.jpg']",67,67,hurricane,tsunami,"['thunder.jpg', 'cabbage.jpg', 'badge.jpg', 'polish.jpg', 'biscuit.jpg', 'hotel.jpg']"
165,3L4D84MIL0E0QTI6MLRDOGAMAKWJHB,A1HKYY6XI2OHO1,3R5LWXWHR0ULZXUQTHJU55A8MNAXGQ,Submitted,2022-05-19 04:21:19+03:00,random_271,"['wound.jpg', 'heroin.jpg']","['arch.jpg', 'fireplace.jpg']",67,0,junkie,masonry,"['wound.jpg', 'heroin.jpg', 'apron.jpg', 'arch.jpg', 'fireplace.jpg']"
166,3X31TUMD7Y8VH8LSNH05C877XKG1L7,A302KOFOYLD89A,3R5LWXWHR0ULZXUQTHJU55A8MNAXGQ,Submitted,2022-05-19 06:11:23+03:00,random_271,"['wound.jpg', 'apron.jpg']","['arch.jpg', 'fireplace.jpg']",67,0,human,wall,"['wound.jpg', 'heroin.jpg', 'apron.jpg', 'arch.jpg', 'fireplace.jpg']"
167,3CP1TO84PUNO4403EYKC02LF30Y255,A3RTW9UWYKSNWX,3R5LWXWHR0ULZXUQTHJU55A8MNAXGQ,Submitted,2022-05-19 07:13:38+03:00,random_271,"['wound.jpg', 'heroin.jpg']","['arch.jpg', 'fireplace.jpg']",67,67,break,opening,"['wound.jpg', 'heroin.jpg', 'apron.jpg', 'arch.jpg', 'fireplace.jpg']"
168,39RP059MEIFG0OL5PQU9IXZ5J03MBH,A302KOFOYLD89A,3TX9T2ZCB9N61EK594BXOTC7OBYZWO,Submitted,2022-05-19 02:04:58+03:00,random_1708,"['grave.jpg', 'root.jpg']","['grave.jpg', 'root.jpg']",100,0,underneath,buried,"['navel.jpg', 'grave.jpg', 'award.jpg', 'brother.jpg', 'limo.jpg', 'root.jpg']"
169,3NS0A6KXC5UCQCSZK1CHRAMBEI5GZ3,A1HKYY6XI2OHO1,3TX9T2ZCB9N61EK594BXOTC7OBYZWO,Submitted,2022-05-19 05:46:24+03:00,random_1708,"['grave.jpg', 'root.jpg']","['award.jpg', 'limo.jpg']",0,67,worms,luxury,"['navel.jpg', 'grave.jpg', 'award.jpg', 'brother.jpg', 'limo.jpg', 'root.jpg']"
170,3E13VNJ1NOHTR7DM2E3SKSFFGGQI1E,A3RTW9UWYKSNWX,3TX9T2ZCB9N61EK594BXOTC7OBYZWO,Submitted,2022-05-19 07:27:00+03:00,random_1708,"['grave.jpg', 'award.jpg']","['grave.jpg', 'root.jpg']",67,67,end,deep,"['navel.jpg', 'grave.jpg', 'award.jpg', 'brother.jpg', 'limo.jpg', 'root.jpg']"
171,3ZOTGHDK5JX3HDNJDSVH0QYAIOYOST,A3RTW9UWYKSNWX,3126F2F5F8PI6AW81VJPBP3T78NEP3,Submitted,2022-05-19 01:22:09+03:00,random_1137,"['pasta.jpg', 'clock.jpg']","['blackberry.jpg', 'moose.jpg', 'guitar.jpg']",0,80,turn,listen,"['pasta.jpg', 'blackberry.jpg', 'moose.jpg', 'makeup.jpg', 'guitar.jpg', 'clock.jpg']"
172,3X4MXAO0BHAZL7W8PPMMRA60ZPLRWT,A382S0KJMW3K9S,3126F2F5F8PI6AW81VJPBP3T78NEP3,Submitted,2022-05-19 02:17:16+03:00,random_1137,"['blackberry.jpg', 'clock.jpg']","['blackberry.jpg', 'clock.jpg']",67,67,time,clock,"['pasta.jpg', 'blackberry.jpg', 'moose.jpg', 'makeup.jpg', 'guitar.jpg', 'clock.jpg']"
173,3ZPPDN2SLWIZ07EVA8SUEJZ6MZ1E94,A1HKYY6XI2OHO1,3126F2F5F8PI6AW81VJPBP3T78NEP3,Submitted,2022-05-19 05:45:30+03:00,random_1137,"['pasta.jpg', 'guitar.jpg']","['guitar.jpg', 'clock.jpg']",0,0,Italian,metronome,"['pasta.jpg', 'blackberry.jpg', 'moose.jpg', 'makeup.jpg', 'guitar.jpg', 'clock.jpg']"
174,3VZLGYJEYMWNCYNP9BCLFWM6H7WZX7,A1HKYY6XI2OHO1,37G6BXQPLQ736MXN18YEBUT3C49EQU,Submitted,2022-05-19 00:31:52+03:00,random_1329,"['shot.jpg', 'shave.jpg']","['ice cream.jpg', 'shot.jpg']",67,0,smooth,bloated,"['ice cream.jpg', 'shot.jpg', 'bus.jpg', 'shave.jpg', 'blanket.jpg', 'phone.jpg']"
175,3MMN5BL1W0QBXTHSAXF30E1TV9NM3P,A19UED74G8FXN3,37G6BXQPLQ736MXN18YEBUT3C49EQU,Submitted,2022-05-19 07:12:23+03:00,random_1329,"['ice cream.jpg', 'blanket.jpg']","['ice cream.jpg', 'phone.jpg']",67,100,Tiered,Fruit,"['ice cream.jpg', 'shot.jpg', 'bus.jpg', 'shave.jpg', 'blanket.jpg', 'phone.jpg']"
176,3R2PKQ87NXUQNWZBV0MQ4K3IERKMIP,A3RTW9UWYKSNWX,37G6BXQPLQ736MXN18YEBUT3C49EQU,Submitted,2022-05-19 07:12:27+03:00,random_1329,"['bus.jpg', 'blanket.jpg']","['shot.jpg', 'phone.jpg']",67,0,roadtrip,shatter,"['ice cream.jpg', 'shot.jpg', 'bus.jpg', 'shave.jpg', 'blanket.jpg', 'phone.jpg']"
177,3TUI152ZZC968515FM81TU617QBQ1T,A3RTW9UWYKSNWX,3UEDKCTP9VCWM4KI1V0B9YPDRBD7K9,Submitted,2022-05-19 02:21:59+03:00,random_1813,"['cartwheel.jpg', 'rugby.jpg']","['wrap.jpg', 'rugby.jpg']",67,67,motion,hands,"['wrap.jpg', 'arena.jpg', 'cartwheel.jpg', 'rugby.jpg', 'treasure.jpg', 'meal.jpg']"
178,3S96KQ6I9NQDSG99CJMRZ1IXGUFDTM,A382S0KJMW3K9S,3UEDKCTP9VCWM4KI1V0B9YPDRBD7K9,Submitted,2022-05-19 02:43:36+03:00,random_1813,"['cartwheel.jpg', 'rugby.jpg', 'treasure.jpg']","['cartwheel.jpg', 'rugby.jpg', 'treasure.jpg']",80,50,practice,team,"['wrap.jpg', 'arena.jpg', 'cartwheel.jpg', 'rugby.jpg', 'treasure.jpg', 'meal.jpg']"
179,3GGAI1SQEWKZATDB3QQ4TH5N1M9MCW,A1HKYY6XI2OHO1,3UEDKCTP9VCWM4KI1V0B9YPDRBD7K9,Submitted,2022-05-19 02:58:44+03:00,random_1813,"['rugby.jpg', 'treasure.jpg']","['wrap.jpg', 'meal.jpg']",100,67,adult,vitamins,"['wrap.jpg', 'arena.jpg', 'cartwheel.jpg', 'rugby.jpg', 'treasure.jpg', 'meal.jpg']"
180,3MAOD8E57RWTV9966N1RK9FX7TLNXB,A3UJSDFJ9LBQ6Z,389A2A304O40LV8AOJY4602IEOYC01,Submitted,2022-05-19 00:21:56+03:00,random_1927,"['horseshoe.jpg', 'machinery.jpg']","['musician.jpg', 'smoke.jpg']",67,67,gold,blow,"['musician.jpg', 'horseshoe.jpg', 'machinery.jpg', 'senator.jpg', 'smoke.jpg', 'pod.jpg']"
181,33NF62TLXKORSJJES6UA18QE204KJI,AHB3QFZSFN9DL,389A2A304O40LV8AOJY4602IEOYC01,Submitted,2022-05-19 00:32:54+03:00,random_1927,"['musician.jpg', 'smoke.jpg']","['musician.jpg', 'smoke.jpg']",67,67,Smoking,Exhale,"['musician.jpg', 'horseshoe.jpg', 'machinery.jpg', 'senator.jpg', 'smoke.jpg', 'pod.jpg']"
182,3483FV8BEF5KN80HJHUHS8ZFZV326F,A1HKYY6XI2OHO1,389A2A304O40LV8AOJY4602IEOYC01,Submitted,2022-05-19 05:35:27+03:00,random_1927,"['machinery.jpg', 'senator.jpg']","['musician.jpg', 'smoke.jpg']",67,100,pork,bar,"['musician.jpg', 'horseshoe.jpg', 'machinery.jpg', 'senator.jpg', 'smoke.jpg', 'pod.jpg']"
183,36V4Q8R5ZLM34UNU88RZDMU450YQMR,A3RTW9UWYKSNWX,3T2HW4QDUVTIHPWNOFHXZB3BHSS9CA,Submitted,2022-05-19 01:20:30+03:00,random_241,"['filter.jpg', 'edge.jpg']","['reptile.jpg', 'crystal.jpg']",0,0,twist,rainbow,"['filter.jpg', 'farm.jpg', 'edge.jpg', 'reptile.jpg', 'crystal.jpg']"
184,39GHHAVOMGD6EHUB7E7UUR1I5FB4JB,A302KOFOYLD89A,3T2HW4QDUVTIHPWNOFHXZB3BHSS9CA,Submitted,2022-05-19 04:23:49+03:00,random_241,"['edge.jpg', 'reptile.jpg']","['filter.jpg', 'crystal.jpg']",67,67,turquoise,hard,"['filter.jpg', 'farm.jpg', 'edge.jpg', 'reptile.jpg', 'crystal.jpg']"
185,36W0OB37HX0QQ8NA47UZCAYCTIEHZZ,A1HKYY6XI2OHO1,3T2HW4QDUVTIHPWNOFHXZB3BHSS9CA,Submitted,2022-05-19 04:49:48+03:00,random_241,"['farm.jpg', 'reptile.jpg']","['reptile.jpg', 'crystal.jpg']",67,0,pests,exotic,"['filter.jpg', 'farm.jpg', 'edge.jpg', 'reptile.jpg', 'crystal.jpg']"
186,3P529IW9KZ7M7NF0UGFQ1AB1YUQFLD,A1HKYY6XI2OHO1,3JU8CV4BRLY4I19XV9MLG1X7BASPOH,Submitted,2022-05-19 04:33:18+03:00,random_363,"['origami.jpg', 'quill.jpg']","['cuff.jpg', 'wiper.jpg']",0,67,avian,curved,"['cuff.jpg', 'origami.jpg', 'wiper.jpg', 'quill.jpg', 'litter.jpg']"
187,3PIWWX1FJKSWHZDWALUY0TQ1NC5JJL,AHB3QFZSFN9DL,3JU8CV4BRLY4I19XV9MLG1X7BASPOH,Submitted,2022-05-19 04:57:10+03:00,random_363,"['cuff.jpg', 'origami.jpg']","['origami.jpg', 'quill.jpg']",0,0,Fold,Flight,"['cuff.jpg', 'origami.jpg', 'wiper.jpg', 'quill.jpg', 'litter.jpg']"
188,3YMU66OBIOUQZRS5EF6AR3I6ISTHGJ,A3RTW9UWYKSNWX,3JU8CV4BRLY4I19XV9MLG1X7BASPOH,Submitted,2022-05-19 07:11:29+03:00,random_363,"['origami.jpg', 'litter.jpg']","['wiper.jpg', 'quill.jpg']",0,0,crumple,long,"['cuff.jpg', 'origami.jpg', 'wiper.jpg', 'quill.jpg', 'litter.jpg']"
189,37XITHEISXVQ79Q38YMLFGZX79RRC8,A1HKYY6XI2OHO1,3E22YV8GG1SM0G9LUUM81CX2L0NPN2,Submitted,2022-05-19 05:04:48+03:00,random_1372,"['peel.jpg', 'massage.jpg']","['massage.jpg', 'candle.jpg']",67,67,skin,therapy,"['tea party.jpg', 'peel.jpg', 'massage.jpg', 'hug.jpg', 'horn.jpg', 'candle.jpg']"
190,3OF2M9AATHAHSYOIASXWP2E4LZOKZC,A302KOFOYLD89A,3E22YV8GG1SM0G9LUUM81CX2L0NPN2,Submitted,2022-05-19 06:20:25+03:00,random_1372,"['massage.jpg', 'hug.jpg']","['horn.jpg', 'candle.jpg']",0,67,pleasure,gold,"['tea party.jpg', 'peel.jpg', 'massage.jpg', 'hug.jpg', 'horn.jpg', 'candle.jpg']"
191,3LEP4MGT3HMDWUFSCXV6Z7CBAN7DBO,A3RTW9UWYKSNWX,3E22YV8GG1SM0G9LUUM81CX2L0NPN2,Submitted,2022-05-19 06:51:30+03:00,random_1372,"['massage.jpg', 'candle.jpg']","['tea party.jpg', 'peel.jpg']",67,67,relax,layers,"['tea party.jpg', 'peel.jpg', 'massage.jpg', 'hug.jpg', 'horn.jpg', 'candle.jpg']"
192,3018Q3ZVOJC2EUT5OKQU9L99757ARO,A1HKYY6XI2OHO1,3W1K7D6QSB3EDBMUEDF11FZMEAHBZL,Submitted,2022-05-19 00:49:49+03:00,random_1774,"['kneel.jpg', 'jewelry.jpg']","['kneel.jpg', 'telescope.jpg']",67,67,wealthy,stars,"['lane.jpg', 'tap.jpg', 'kneel.jpg', 'telescope.jpg', 'freezer.jpg', 'jewelry.jpg']"
193,3ZAZR5XV024Z90CUIFGY1J1WGPIZCF,A3RTW9UWYKSNWX,3W1K7D6QSB3EDBMUEDF11FZMEAHBZL,Submitted,2022-05-19 01:38:42+03:00,random_1774,"['kneel.jpg', 'jewelry.jpg']","['lane.jpg', 'tap.jpg']",67,0,rosary,puddle,"['lane.jpg', 'tap.jpg', 'kneel.jpg', 'telescope.jpg', 'freezer.jpg', 'jewelry.jpg']"
194,3JRJSWSMQI7DL5PFTZRKN6WKM71E3X,A382S0KJMW3K9S,3W1K7D6QSB3EDBMUEDF11FZMEAHBZL,Submitted,2022-05-19 02:27:40+03:00,random_1774,"['kneel.jpg', 'jewelry.jpg']","['tap.jpg', 'freezer.jpg']",67,67,ring,cold,"['lane.jpg', 'tap.jpg', 'kneel.jpg', 'telescope.jpg', 'freezer.jpg', 'jewelry.jpg']"
195,3Q5ZZ9ZEVP1ZQJ2SUFTDATYIPZK583,A16184N1RO5OJV,33W1NHWFYH7E9XGBEZ6M1958KHGZTY,Submitted,2022-05-19 01:02:45+03:00,random_753,"['sunny.jpg', 'cheerleader.jpg']","['sunny.jpg', 'cheerleader.jpg']",0,67,cleavage,show,"['home.jpg', 'sunny.jpg', 'cheerleader.jpg', 'octopus.jpg', 'strap.jpg']"
196,3L6L49WXW1JY7IFQIC30THIDNDW453,A3RTW9UWYKSNWX,33W1NHWFYH7E9XGBEZ6M1958KHGZTY,Submitted,2022-05-19 01:56:57+03:00,random_753,"['sunny.jpg', 'cheerleader.jpg']","['cheerleader.jpg', 'octopus.jpg']",67,67,looking,suck,"['home.jpg', 'sunny.jpg', 'cheerleader.jpg', 'octopus.jpg', 'strap.jpg']"
197,3VHHR074H439SU0UCXHEDIYK0687L2,A1HKYY6XI2OHO1,33W1NHWFYH7E9XGBEZ6M1958KHGZTY,Submitted,2022-05-19 04:37:48+03:00,random_753,"['sunny.jpg', 'cheerleader.jpg']","['home.jpg', 'strap.jpg']",67,67,girlfriend,things,"['home.jpg', 'sunny.jpg', 'cheerleader.jpg', 'octopus.jpg', 'strap.jpg']"
198,33OOO72IVI73NO3VCNRGFV0FVTNTCK,A382S0KJMW3K9S,3PZDSVZ3J530BNN2WAUKYEM7U4S4NR,Submitted,2022-05-19 00:38:23+03:00,random_1849,"['fender.jpg', 'piano.jpg']","['fender.jpg', 'piano.jpg']",67,67,concert,musical,"['ornament.jpg', 'woodpecker.jpg', 'document.jpg', 'fender.jpg', 'acrobat.jpg', 'piano.jpg']"
199,3U0SRXB7CER9YDNUXOVZVRT96D0RNL,A302KOFOYLD89A,3PZDSVZ3J530BNN2WAUKYEM7U4S4NR,Submitted,2022-05-19 04:30:43+03:00,random_1849,"['ornament.jpg', 'acrobat.jpg']","['ornament.jpg', 'document.jpg']",67,67,designs,many,"['ornament.jpg', 'woodpecker.jpg', 'document.jpg', 'fender.jpg', 'acrobat.jpg', 'piano.jpg']"
200,3LOZAJ85YEZX6NKDK437SLCZWZZX21,A1HKYY6XI2OHO1,3PZDSVZ3J530BNN2WAUKYEM7U4S4NR,Submitted,2022-05-19 05:07:25+03:00,random_1849,"['woodpecker.jpg', 'fender.jpg']","['fender.jpg', 'piano.jpg']",67,0,maple,amadeus,"['ornament.jpg', 'woodpecker.jpg', 'document.jpg', 'fender.jpg', 'acrobat.jpg', 'piano.jpg']"
201,32XVDSJFP0JMCBL96X1YH4W1PVI2MP,A1HKYY6XI2OHO1,3VMHWJRYHV2FLXYVIXDCNKAWL8AXFR,Submitted,2022-05-19 05:36:38+03:00,random_555,"['cleavage.jpg', 'tongue.jpg']","['cleavage.jpg', 'icy.jpg']",0,67,lecherous,menstruate,"['cleavage.jpg', 'tongue.jpg', 'icy.jpg', 'lamp.jpg', 'diarrhea.jpg']"
202,39GAF6DQWSMYDDXM1L2BZH59OIHV1J,A302KOFOYLD89A,3VMHWJRYHV2FLXYVIXDCNKAWL8AXFR,Submitted,2022-05-19 06:09:03+03:00,random_555,"['tongue.jpg', 'diarrhea.jpg']","['cleavage.jpg', 'icy.jpg']",0,67,digestion,revealing,"['cleavage.jpg', 'tongue.jpg', 'icy.jpg', 'lamp.jpg', 'diarrhea.jpg']"
203,333U7HK6IA1JEDD40P8NXVVOISIJDH,A3RTW9UWYKSNWX,3VMHWJRYHV2FLXYVIXDCNKAWL8AXFR,Submitted,2022-05-19 07:23:55+03:00,random_555,"['cleavage.jpg', 'icy.jpg']","['tongue.jpg', 'diarrhea.jpg']",67,67,hot,disgust,"['cleavage.jpg', 'tongue.jpg', 'icy.jpg', 'lamp.jpg', 'diarrhea.jpg']"
204,3PM8NZGV8Z2EY6MYMFT8O3A2C4NQXG,A3RTW9UWYKSNWX,3N3WJQXELSC0K95UGJVHS7LK5VW2LR,Submitted,2022-05-19 01:51:17+03:00,random_1873,"['net.jpg', 'mane.jpg']","['monk.jpg', 'mane.jpg']",67,67,goal,focus,"['net.jpg', 'monk.jpg', 'peroxide.jpg', 'mane.jpg', 'tab.jpg', 'kin.jpg']"
205,3SBEHTYCWOPQHDOPE3A1YFQPN00YIR,A302KOFOYLD89A,3N3WJQXELSC0K95UGJVHS7LK5VW2LR,Submitted,2022-05-19 01:54:05+03:00,random_1873,"['monk.jpg', 'mane.jpg']","['monk.jpg', 'mane.jpg']",67,67,green,excellence,"['net.jpg', 'monk.jpg', 'peroxide.jpg', 'mane.jpg', 'tab.jpg', 'kin.jpg']"
206,3VJ40NV2QJ94WD0Y2S07AVUWK8MOTU,A382S0KJMW3K9S,3N3WJQXELSC0K95UGJVHS7LK5VW2LR,Submitted,2022-05-19 02:46:24+03:00,random_1873,"['monk.jpg', 'mane.jpg']","['monk.jpg', 'mane.jpg']",67,67,person,uniform,"['net.jpg', 'monk.jpg', 'peroxide.jpg', 'mane.jpg', 'tab.jpg', 'kin.jpg']"
207,3FPRZHYEPZTUNGB1OPGUNAK6M1S3VE,A382S0KJMW3K9S,3WYZV0QBFJZP8GMFDVRG4UJB6AJBXO,Submitted,2022-05-19 00:46:47+03:00,random_1225,"['bachelor.jpg', 'tusk.jpg']","['bachelor.jpg', 'tusk.jpg']",67,67,male,men,"['teaspoon.jpg', 'bachelor.jpg', 'nook.jpg', 'leather.jpg', 'tusk.jpg', 'gauze.jpg']"
208,3L70J4KAZH88DKA06JVA4WS5S4QADS,A3RTW9UWYKSNWX,3WYZV0QBFJZP8GMFDVRG4UJB6AJBXO,Submitted,2022-05-19 02:01:02+03:00,random_1225,"['bachelor.jpg', 'nook.jpg', 'tusk.jpg']","['leather.jpg', 'tusk.jpg']",80,67,express,wrinkle,"['teaspoon.jpg', 'bachelor.jpg', 'nook.jpg', 'leather.jpg', 'tusk.jpg', 'gauze.jpg']"
209,3G5W44VEU84H1HTDK0974VYYA9LKGE,A1HKYY6XI2OHO1,3WYZV0QBFJZP8GMFDVRG4UJB6AJBXO,Submitted,2022-05-19 04:32:20+03:00,random_1225,"['bachelor.jpg', 'tusk.jpg']","['bachelor.jpg', 'tusk.jpg']",100,100,collar,facing,"['teaspoon.jpg', 'bachelor.jpg', 'nook.jpg', 'leather.jpg', 'tusk.jpg', 'gauze.jpg']"
210,3X66WABAJX4B5JL6ZUH8N9HWZNG3G3,A3RTW9UWYKSNWX,3FULMHZ7OUJUT522K9FKLZX7PEI4MR,Submitted,2022-05-19 02:20:18+03:00,random_370,"['stab.jpg', 'cord.jpg']","['intestines.jpg', 'cord.jpg']",67,100,penetrate,long,"['intestines.jpg', 'grid.jpg', 'brew.jpg', 'stab.jpg', 'cord.jpg']"
211,36PW28KO40ID5QO02E6UAEAQSHJAEF,A1HKYY6XI2OHO1,3FULMHZ7OUJUT522K9FKLZX7PEI4MR,Submitted,2022-05-19 05:37:26+03:00,random_370,"['brew.jpg', 'stab.jpg']","['intestines.jpg', 'cord.jpg']",0,100,culprit,conduit,"['intestines.jpg', 'grid.jpg', 'brew.jpg', 'stab.jpg', 'cord.jpg']"
212,3EICBYG645I99L7Q0TDCDPD6XTMJCZ,A1PBRKFHSF1OF8,3FULMHZ7OUJUT522K9FKLZX7PEI4MR,Submitted,2022-05-19 11:48:31+03:00,random_370,"['intestines.jpg', 'cord.jpg']","['grid.jpg', 'stab.jpg']",100,67,long,metal,"['intestines.jpg', 'grid.jpg', 'brew.jpg', 'stab.jpg', 'cord.jpg']"
213,3K9FOBBF2I5YVFSHS4Y39FKA0KQNL4,A3RTW9UWYKSNWX,3IKMEYR0LWHP03NCVJJGD785GVR2KO,Submitted,2022-05-19 01:49:21+03:00,random_161,"['origami.jpg', 'cardboard.jpg']","['marijuana.jpg', 'tick.jpg']",67,67,craft,grow,"['marijuana.jpg', 'tick.jpg', 'origami.jpg', 'denim.jpg', 'cardboard.jpg']"
214,3ND9UOO81LOOI91VK5PQ5YX1TX0LW1,A1HKYY6XI2OHO1,3IKMEYR0LWHP03NCVJJGD785GVR2KO,Submitted,2022-05-19 02:54:17+03:00,random_161,"['marijuana.jpg', 'cardboard.jpg']","['tick.jpg', 'origami.jpg']",67,67,jurisdiction,feeds,"['marijuana.jpg', 'tick.jpg', 'origami.jpg', 'denim.jpg', 'cardboard.jpg']"
215,3OLQQLKKNTBO6JR4WKJ73DD9I4REJD,A382S0KJMW3K9S,3IKMEYR0LWHP03NCVJJGD785GVR2KO,Submitted,2022-05-19 02:58:15+03:00,random_161,"['origami.jpg', 'cardboard.jpg']","['origami.jpg', 'cardboard.jpg']",67,67,fold,paper,"['marijuana.jpg', 'tick.jpg', 'origami.jpg', 'denim.jpg', 'cardboard.jpg']"
216,3X4JMASXCNVJXAEY0L7BK0SSGXPB0I,A1HKYY6XI2OHO1,38G0E1M85MRC0QQQD77TLZEEFKHUVK,Submitted,2022-05-19 00:28:17+03:00,random_609,"['bullseye.jpg', 'hobo.jpg']","['slide.jpg', 'controller.jpg']",67,67,robinhood,afterschool,"['scalpel.jpg', 'bullseye.jpg', 'slide.jpg', 'hobo.jpg', 'controller.jpg']"
217,3UOUJI6MTE06QZTF3ODDY47RFPQXUP,A3RTW9UWYKSNWX,38G0E1M85MRC0QQQD77TLZEEFKHUVK,Submitted,2022-05-19 01:27:56+03:00,random_609,"['bullseye.jpg', 'controller.jpg']","['scalpel.jpg', 'bullseye.jpg']",67,67,aim,precise,"['scalpel.jpg', 'bullseye.jpg', 'slide.jpg', 'hobo.jpg', 'controller.jpg']"
218,3E7TUJ2EGD8U810VEDHA81HLMN2D9C,A302KOFOYLD89A,38G0E1M85MRC0QQQD77TLZEEFKHUVK,Submitted,2022-05-19 06:15:26+03:00,random_609,"['bullseye.jpg', 'slide.jpg']","['bullseye.jpg', 'slide.jpg']",67,0,blue,red,"['scalpel.jpg', 'bullseye.jpg', 'slide.jpg', 'hobo.jpg', 'controller.jpg']"
219,3GM6G9ZBKOJGWAFMPCLUIR5RP84TMH,A3RTW9UWYKSNWX,3TRB893CSJWRKIOZB4FWB6XKKUW7G6,Submitted,2022-05-19 02:13:53+03:00,random_25,"['shoelace.jpg', 'mat.jpg']","['diving.jpg', 'japan.jpg']",0,0,wipe,adventure,"['diving.jpg', 'shoelace.jpg', 'shelter.jpg', 'mat.jpg', 'japan.jpg']"
220,3YMU66OBIOUQZRS5EF6AR3I6ISMGHB,A1HKYY6XI2OHO1,3TRB893CSJWRKIOZB4FWB6XKKUW7G6,Submitted,2022-05-19 05:12:37+03:00,random_25,"['shoelace.jpg', 'shelter.jpg']","['shelter.jpg', 'japan.jpg']",67,67,consistency,lumber,"['diving.jpg', 'shoelace.jpg', 'shelter.jpg', 'mat.jpg', 'japan.jpg']"
221,35K3O9HUACZ81H58DUSMOFLHPYPFES,A382S0KJMW3K9S,3TRB893CSJWRKIOZB4FWB6XKKUW7G6,Submitted,2022-05-19 14:26:41+03:00,random_25,"['diving.jpg', 'japan.jpg']","['diving.jpg', 'japan.jpg']",67,67,holiday,tourist,"['diving.jpg', 'shoelace.jpg', 'shelter.jpg', 'mat.jpg', 'japan.jpg']"
222,308XBLVESJQ7X4YXUYQQ4WTFPNQBRI,A2QX3YJXAAHHVV,3M67TQBQQHAUOAZP41L6TGDNHP79A8,Submitted,2022-05-19 00:34:29+03:00,random_1360,"['mayonnaise.jpg', 'gin.jpg']","['mayonnaise.jpg', 'gin.jpg']",67,100,adhesive,cylindrical,"['hen.jpg', 'frown.jpg', 'jellyfish.jpg', 'waffle.jpg', 'mayonnaise.jpg', 'gin.jpg']"
223,3FDJT1UU75UJLK4T34QG0Y79KZAK5X,A302KOFOYLD89A,3M67TQBQQHAUOAZP41L6TGDNHP79A8,Submitted,2022-05-19 00:35:35+03:00,random_1360,"['hen.jpg', 'frown.jpg']","['jellyfish.jpg', 'gin.jpg']",0,0,feet,translucent,"['hen.jpg', 'frown.jpg', 'jellyfish.jpg', 'waffle.jpg', 'mayonnaise.jpg', 'gin.jpg']"
224,3V5Q80FXIYDLQPDZ0FWJL5NVP33239,A382S0KJMW3K9S,3M67TQBQQHAUOAZP41L6TGDNHP79A8,Submitted,2022-05-19 01:18:10+03:00,random_1360,"['hen.jpg', 'waffle.jpg', 'mayonnaise.jpg']","['hen.jpg', 'frown.jpg', 'jellyfish.jpg']",80,0,eggs,alive,"['hen.jpg', 'frown.jpg', 'jellyfish.jpg', 'waffle.jpg', 'mayonnaise.jpg', 'gin.jpg']"
225,336YQZE83W0EB84WOG3WFBZD944M53,A302KOFOYLD89A,3NRZ1LDP7WSGH5N4XIX2WZ4BVEVZPT,Submitted,2022-05-19 00:31:39+03:00,random_289,"['rope.jpg', 'pee.jpg']","['electrician.jpg', 'pee.jpg']",0,67,round,touch,"['electrician.jpg', 'hot tub.jpg', 'rope.jpg', 'drawer.jpg', 'pee.jpg']"
226,3PWWM24LHTK7RMJ5CWRFCMV65PY82A,A3RTW9UWYKSNWX,3NRZ1LDP7WSGH5N4XIX2WZ4BVEVZPT,Submitted,2022-05-19 01:32:48+03:00,random_289,"['rope.jpg', 'pee.jpg']","['hot tub.jpg', 'drawer.jpg']",0,100,roll,contain,"['electrician.jpg', 'hot tub.jpg', 'rope.jpg', 'drawer.jpg', 'pee.jpg']"
227,3CP1TO84PUNO4403EYKC02LF30525C,A382S0KJMW3K9S,3NRZ1LDP7WSGH5N4XIX2WZ4BVEVZPT,Submitted,2022-05-19 02:47:40+03:00,random_289,"['hot tub.jpg', 'pee.jpg']","['hot tub.jpg', 'pee.jpg']",67,67,overflow,water,"['electrician.jpg', 'hot tub.jpg', 'rope.jpg', 'drawer.jpg', 'pee.jpg']"
228,3LJ7UR74RIZ2X7LWMCZMNYIZEYS4NP,A3RTW9UWYKSNWX,3F6045TU7DAGJRPKCV76XL23B7P99T,Submitted,2022-05-19 01:25:01+03:00,random_1111,"['elbow.jpg', 'shove.jpg']","['plumbing.jpg', 'elbow.jpg']",0,67,injure,explain,"['ipad.jpg', 'orange.jpg', 'plumbing.jpg', 'elbow.jpg', 'shove.jpg', 'comma.jpg']"
229,30X31N5D64CEF9TI39QZZVE5T83SA9,A382S0KJMW3K9S,3F6045TU7DAGJRPKCV76XL23B7P99T,Submitted,2022-05-19 02:38:21+03:00,random_1111,"['ipad.jpg', 'comma.jpg']","['ipad.jpg', 'comma.jpg']",100,100,type,text,"['ipad.jpg', 'orange.jpg', 'plumbing.jpg', 'elbow.jpg', 'shove.jpg', 'comma.jpg']"
230,3TE22NPXPCYGBZBQ47KQOPCZNI7446,A1HKYY6XI2OHO1,3F6045TU7DAGJRPKCV76XL23B7P99T,Submitted,2022-05-19 02:57:44+03:00,random_1111,"['plumbing.jpg', 'comma.jpg']","['plumbing.jpg', 'comma.jpg']",100,100,direction,curve,"['ipad.jpg', 'orange.jpg', 'plumbing.jpg', 'elbow.jpg', 'shove.jpg', 'comma.jpg']"
231,3FTOP5WARGAPFTCAODKSIOB5O2W0JQ,A3UJSDFJ9LBQ6Z,338GLSUI43X7PGCWON7POCT46T8SFE,Submitted,2022-05-19 00:28:20+03:00,random_1726,"['snack.jpg', 'peanut butter.jpg']","['laundry.jpg', 'recorder.jpg']",0,67,processed,noisy,"['laundry.jpg', 'snack.jpg', 'recorder.jpg', 'moth.jpg', 'peanut butter.jpg', 'eating.jpg']"
232,3GS6S824SRJE694GWI55IQ1QYRINWL,A1HKYY6XI2OHO1,338GLSUI43X7PGCWON7POCT46T8SFE,Submitted,2022-05-19 00:32:51+03:00,random_1726,"['recorder.jpg', 'eating.jpg']","['snack.jpg', 'peanut butter.jpg']",67,67,inappropriate,highfructose,"['laundry.jpg', 'snack.jpg', 'recorder.jpg', 'moth.jpg', 'peanut butter.jpg', 'eating.jpg']"
233,3YHH42UU5C1VAJ0ARYW5Y3OXSSHL0V,A3RTW9UWYKSNWX,338GLSUI43X7PGCWON7POCT46T8SFE,Submitted,2022-05-19 02:11:12+03:00,random_1726,"['snack.jpg', 'peanut butter.jpg', 'eating.jpg']","['laundry.jpg', 'moth.jpg', 'peanut butter.jpg']",50,50,kitchen,brown,"['laundry.jpg', 'snack.jpg', 'recorder.jpg', 'moth.jpg', 'peanut butter.jpg', 'eating.jpg']"
234,3GS6S824SRJE694GWI55IQ1QYRFNWI,A3UJSDFJ9LBQ6Z,3RDTX9JRTYNC581RXY9MJPBXGH197H,Submitted,2022-05-19 00:24:15+03:00,random_943,"['ferret.jpg', 'camera.jpg']","['ferret.jpg', 'blinking.jpg']",67,67,focus,alive,"['burlap.jpg', 'ferret.jpg', 'camera.jpg', 'spreadsheet.jpg', 'blinking.jpg']"
235,3DR23U6WE60IKMN98EXB5J0IG53ET1,A16184N1RO5OJV,3RDTX9JRTYNC581RXY9MJPBXGH197H,Submitted,2022-05-19 00:57:42+03:00,random_943,"['ferret.jpg', 'camera.jpg', 'blinking.jpg']","['camera.jpg', 'spreadsheet.jpg']",50,67,optic,work,"['burlap.jpg', 'ferret.jpg', 'camera.jpg', 'spreadsheet.jpg', 'blinking.jpg']"
236,3NPFYT4IZDQNLHSKJJOWUP606IIGXH,A382S0KJMW3K9S,3RDTX9JRTYNC581RXY9MJPBXGH197H,Submitted,2022-05-19 02:32:41+03:00,random_943,"['camera.jpg', 'blinking.jpg']","['camera.jpg', 'blinking.jpg']",100,100,blink,selfie,"['burlap.jpg', 'ferret.jpg', 'camera.jpg', 'spreadsheet.jpg', 'blinking.jpg']"
237,3X4MXAO0BHAZL7W8PPMMRA60ZOARWG,A2QX3YJXAAHHVV,3XWUWJ18TLCCNB1Q8HXOPDCV1D8UUV,Submitted,2022-05-19 00:49:09+03:00,random_820,"['petroleum.jpg', 'cooler.jpg']","['petroleum.jpg', 'cooler.jpg']",67,100,melt,pour,"['pen.jpg', 'petroleum.jpg', 'standing.jpg', 'grid.jpg', 'cooler.jpg']"
238,3CPLWGV3MPL3UDR837VD46TF0QA9NU,A3RTW9UWYKSNWX,3XWUWJ18TLCCNB1Q8HXOPDCV1D8UUV,Submitted,2022-05-19 01:58:22+03:00,random_820,"['pen.jpg', 'petroleum.jpg']","['pen.jpg', 'petroleum.jpg']",67,100,dark,stain,"['pen.jpg', 'petroleum.jpg', 'standing.jpg', 'grid.jpg', 'cooler.jpg']"
239,3JWH6J9I9TZMI6651R99VCO5ORHBNC,A1HKYY6XI2OHO1,3XWUWJ18TLCCNB1Q8HXOPDCV1D8UUV,Submitted,2022-05-19 02:43:35+03:00,random_820,"['pen.jpg', 'petroleum.jpg']","['pen.jpg', 'grid.jpg']",67,67,experiments,calculus,"['pen.jpg', 'petroleum.jpg', 'standing.jpg', 'grid.jpg', 'cooler.jpg']"
240,3YW4XOSQKR7Y0Y8MWVS63V3QAB1U1M,A1HKYY6XI2OHO1,3X878VYTIE4L6IS40K9ETLX8JFW7F7,Submitted,2022-05-19 04:42:07+03:00,random_17,"['fur.jpg', 'climb.jpg']","['fur.jpg', 'climb.jpg']",67,100,uniforms,conversation,"['cylinder.jpg', 'fur.jpg', 'climb.jpg', 'couch.jpg', 'chocolate.jpg']"
241,3E337GFOLAUI9NEGHD1NWNF2441GNQ,A3RTW9UWYKSNWX,3X878VYTIE4L6IS40K9ETLX8JFW7F7,Submitted,2022-05-19 06:54:38+03:00,random_17,"['cylinder.jpg', 'chocolate.jpg']","['fur.jpg', 'climb.jpg']",67,100,parts,balance,"['cylinder.jpg', 'fur.jpg', 'climb.jpg', 'couch.jpg', 'chocolate.jpg']"
242,37KGEN7NJ4COPLJS0B42ULYP5BGPPS,A382S0KJMW3K9S,3X878VYTIE4L6IS40K9ETLX8JFW7F7,Submitted,2022-05-19 14:53:40+03:00,random_17,"['fur.jpg', 'climb.jpg']","['fur.jpg', 'climb.jpg']",67,67,human,person,"['cylinder.jpg', 'fur.jpg', 'climb.jpg', 'couch.jpg', 'chocolate.jpg']"
243,3WETL7AQWUUDPMWMIYYHJCQ79DP538,A2QX3YJXAAHHVV,3LCXHSGDLTSFJ2C0TCNJ6U84USTSEW,Submitted,2022-05-19 00:42:47+03:00,random_1230,"['button.jpg', 'tongue.jpg']","['button.jpg', 'tongue.jpg']",100,100,opening,hole,"['yellow.jpg', 'button.jpg', 'tongue.jpg', 'photo.jpg', 'smack.jpg', 'yak.jpg']"
244,3LWJHTCVCD8XYKVDMLNMIWAV8ZMFQ9,A3RTW9UWYKSNWX,3LCXHSGDLTSFJ2C0TCNJ6U84USTSEW,Submitted,2022-05-19 01:19:01+03:00,random_1230,"['tongue.jpg', 'photo.jpg']","['button.jpg', 'tongue.jpg']",67,100,cool,hole,"['yellow.jpg', 'button.jpg', 'tongue.jpg', 'photo.jpg', 'smack.jpg', 'yak.jpg']"
245,34MAJL3QP59VT3SM4TF7EKKT9IQ430,A1HKYY6XI2OHO1,3LCXHSGDLTSFJ2C0TCNJ6U84USTSEW,Submitted,2022-05-19 04:30:59+03:00,random_1230,"['yellow.jpg', 'yak.jpg']","['tongue.jpg', 'yak.jpg']",67,67,park,yak,"['yellow.jpg', 'button.jpg', 'tongue.jpg', 'photo.jpg', 'smack.jpg', 'yak.jpg']"
246,374TNBHA8CH3YBC8RBFA7HHBEA6YQJ,A1HKYY6XI2OHO1,3FCO4VKOZ4ZT04S859P8B3C87EH7EP,Submitted,2022-05-19 00:40:10+03:00,random_787,"['eagle.jpg', 'wing.jpg']","['eagle.jpg', 'wing.jpg']",0,0,tattoos,soars,"['eagle.jpg', 'crochet.jpg', 'wing.jpg', 'whiskey.jpg', 'aspirin.jpg']"
247,3MB8LZR5BGFXN97EVR6NHN366P9LKL,A3UJSDFJ9LBQ6Z,3FCO4VKOZ4ZT04S859P8B3C87EH7EP,Submitted,2022-05-19 00:49:55+03:00,random_787,"['eagle.jpg', 'wing.jpg']","['crochet.jpg', 'aspirin.jpg']",0,67,soar,arthritis,"['eagle.jpg', 'crochet.jpg', 'wing.jpg', 'whiskey.jpg', 'aspirin.jpg']"
248,3IAEQB9FMF65KXD37OR2MLPWKNMWDI,A382S0KJMW3K9S,3FCO4VKOZ4ZT04S859P8B3C87EH7EP,Submitted,2022-05-19 01:12:14+03:00,random_787,"['whiskey.jpg', 'aspirin.jpg']","['whiskey.jpg', 'aspirin.jpg']",67,67,hangover,pain,"['eagle.jpg', 'crochet.jpg', 'wing.jpg', 'whiskey.jpg', 'aspirin.jpg']"
249,33LKR6A5KF6J0LTXWQ2WYZHORX9T19,A3RTW9UWYKSNWX,3QTFNPMJC64GEKBRH3KASAZGVZUZNX,Submitted,2022-05-19 02:12:24+03:00,random_118,"['robot.jpg', 'thug.jpg']","['wrap.jpg', 'photo.jpg']",0,67,artificial,grass,"['wrap.jpg', 'robot.jpg', 'trunk.jpg', 'photo.jpg', 'thug.jpg']"
250,37U1UTWH9W8OV60QRM6GDU3EHI8R84,A1HKYY6XI2OHO1,3QTFNPMJC64GEKBRH3KASAZGVZUZNX,Submitted,2022-05-19 05:28:26+03:00,random_118,"['robot.jpg', 'thug.jpg']","['robot.jpg', 'thug.jpg']",67,0,introspective,dead,"['wrap.jpg', 'robot.jpg', 'trunk.jpg', 'photo.jpg', 'thug.jpg']"
251,37M28K1J0RZLG6ASGFHL7UNIXPHJAB,A302KOFOYLD89A,3QTFNPMJC64GEKBRH3KASAZGVZUZNX,Submitted,2022-05-19 06:22:32+03:00,random_118,"['robot.jpg', 'thug.jpg']","['wrap.jpg', 'thug.jpg']",67,0,eye,eat,"['wrap.jpg', 'robot.jpg', 'trunk.jpg', 'photo.jpg', 'thug.jpg']"
252,37Z929RLGAUJU5SR99HGU04XHW8TSD,A3UJSDFJ9LBQ6Z,3G4VVJO6PZ2LSAOIXHUS9KGYR5IPKX,Submitted,2022-05-19 00:51:09+03:00,random_27,"['outfit.jpg', 'broken.jpg']","['outfit.jpg', 'button.jpg']",0,0,heartbreaker,tailor,"['outfit.jpg', 'dolphin.jpg', 'conditioner.jpg', 'broken.jpg', 'button.jpg']"
253,3EG49X351VYLOO3E76FAIYTBC3B6XZ,A3RTW9UWYKSNWX,3G4VVJO6PZ2LSAOIXHUS9KGYR5IPKX,Submitted,2022-05-19 01:47:07+03:00,random_27,"['outfit.jpg', 'dolphin.jpg']","['outfit.jpg', 'dolphin.jpg']",67,67,mammal,stand,"['outfit.jpg', 'dolphin.jpg', 'conditioner.jpg', 'broken.jpg', 'button.jpg']"
254,36V4Q8R5ZLM34UNU88RZDMU451AMQ1,A1HKYY6XI2OHO1,3G4VVJO6PZ2LSAOIXHUS9KGYR5IPKX,Submitted,2022-05-19 03:00:04+03:00,random_27,"['outfit.jpg', 'conditioner.jpg']","['dolphin.jpg', 'conditioner.jpg']",0,67,weave,bottle,"['outfit.jpg', 'dolphin.jpg', 'conditioner.jpg', 'broken.jpg', 'button.jpg']"
